round,player 0 bankroll,player 1 bankroll,player 2 bankroll
1,985.0,1000,1000
2,970.0,985.0,1000
3,955.0,1045.0,1060
4,940.0,1030.0,1045.0
5,925.0,1030.0,1030.0
6,925.0,1015.0,1030.0
7,910.0,1000.0,1015.0
8,910.0,985.0,1000.0
9,895.0,1045.0,985.0
10,880.0,1030.0,970.0
11,865.0,1015.0,970.0
12,850.0,1000.0,955.0
13,835.0,985.0,940.0
14,820.0,970.0,940.0
15,820.0,955.0,925.0
16,805.0,1015.0,910.0
17,790.0,1075.0,910.0
18,775.0,1075.0,895.0
19,760.0,1060.0,880.0
20,745.0,1060.0,940.0
21,730.0,1045.0,1000.0
22,715.0,1045.0,985.0
23,700.0,1045.0,970.0
24,700.0,1045.0,970.0
25,685.0,1030.0,955.0
26,745.0,1090.0,940.0
27,730.0,1150.0,940.0
28,730.0,1135.0,925.0
29,730.0,1120.0,925.0
30,715.0,1105.0,910.0
31,700.0,1165.0,895.0
32,685.0,1165.0,895.0
33,670.0,1165.0,895.0
34,670.0,1165.0,880.0
35,670.0,1165.0,865.0
36,655.0,1225.0,850.0
37,640.0,1225.0,850.0
38,625.0,1210.0,835.0
39,685.0,1195.0,820.0
40,670.0,1195.0,820.0
41,655.0,1180.0,805.0
42,640.0,1180.0,790.0
43,640.0,1165.0,775.0
44,640.0,1165.0,775.0
45,640.0,1150.0,760.0
46,625.0,1150.0,760.0
47,625.0,1135.0,760.0
48,625.0,1120.0,760.0
49,610.0,1180.0,760.0
50,595.0,1180.0,745.0
51,580.0,1165.0,745.0
52,565.0,1150.0,745.0
53,550.0,1135.0,730.0
54,550.0,1135.0,730.0
55,535.0,1120.0,790.0
56,535.0,1105.0,790.0
57,520.0,1090.0,775.0
58,580.0,1075.0,760.0
59,565.0,1075.0,745.0
60,550.0,1075.0,730.0
61,535.0,1060.0,715.0
62,520.0,1060.0,715.0
63,520.0,1060.0,700.0
64,520.0,1045.0,685.0
65,505.0,1030.0,670.0
66,565.0,1015.0,730.0
67,550.0,1000.0,715.0
68,535.0,985.0,715.0
69,535.0,970.0,700.0
70,535.0,970.0,685.0
71,520.0,955.0,670.0
72,505.0,955.0,670.0
73,490.0,940.0,730.0
74,475.0,940.0,730.0
75,460.0,925.0,715.0
76,445.0,925.0,700.0
77,430.0,910.0,700.0
78,430.0,895.0,700.0
79,490.0,880.0,760.0
80,475.0,880.0,745.0
81,475.0,865.0,745.0
82,460.0,865.0,730.0
83,460.0,865.0,730.0
84,520.0,850.0,790.0
85,505.0,835.0,775.0
86,490.0,820.0,775.0
87,475.0,805.0,760.0
88,460.0,790.0,760.0
89,445.0,790.0,760.0
90,430.0,775.0,745.0
91,415.0,760.0,745.0
92,400.0,760.0,730.0
93,385.0,760.0,730.0
94,385.0,760.0,715.0
95,385.0,745.0,715.0
96,385.0,745.0,700.0
97,370.0,745.0,685.0
98,370.0,730.0,685.0
99,370.0,730.0,745.0
100,355.0,715.0,730.0
101,355.0,700.0,730.0
102,415.0,685.0,715.0
103,400.0,685.0,715.0
104,385.0,670.0,700.0
105,370.0,655.0,760.0
106,355.0,640.0,820.0
107,355.0,640.0,805.0
108,340.0,640.0,805.0
109,325.0,640.0,805.0
110,325.0,625.0,790.0
111,310.0,625.0,790.0
112,295.0,625.0,790.0
113,355.0,685.0,790.0
114,340.0,685.0,790.0
115,340.0,685.0,775.0
116,325.0,670.0,775.0
117,325.0,670.0,775.0
118,385.0,670.0,760.0
119,370.0,655.0,760.0
120,355.0,655.0,760.0
121,340.0,640.0,745.0
122,325.0,625.0,730.0
123,325.0,625.0,730.0
124,310.0,610.0,715.0
125,310.0,610.0,715.0
126,295.0,595.0,700.0
127,355.0,655.0,760.0
128,340.0,715.0,760.0
129,325.0,700.0,820.0
130,310.0,700.0,820.0
131,295.0,700.0,805.0
132,295.0,685.0,790.0
133,295.0,685.0,775.0
134,355.0,685.0,760.0
135,340.0,670.0,760.0
136,325.0,670.0,745.0
137,310.0,655.0,730.0
138,370.0,715.0,715.0
139,355.0,700.0,715.0
140,355.0,685.0,715.0
141,340.0,670.0,700.0
142,325.0,655.0,685.0
143,325.0,655.0,685.0
144,310.0,715.0,670.0
145,295.0,715.0,670.0
146,355.0,715.0,670.0
147,355.0,700.0,730.0
148,355.0,685.0,730.0
149,355.0,685.0,730.0
150,340.0,685.0,715.0
151,325.0,670.0,700.0
152,325.0,655.0,685.0
153,310.0,655.0,670.0
154,295.0,640.0,655.0
155,295.0,625.0,655.0
156,280.0,610.0,640.0
157,265.0,595.0,640.0
158,250.0,580.0,640.0
159,235.0,565.0,625.0
160,235.0,550.0,610.0
161,220.0,535.0,595.0
162,205.0,520.0,580.0
163,205.0,520.0,580.0
164,190.0,520.0,565.0
165,175.0,520.0,565.0
166,160.0,505.0,550.0
167,160.0,505.0,550.0
168,220.0,490.0,610.0
169,220.0,475.0,595.0
170,205.0,460.0,595.0
171,190.0,460.0,580.0
172,175.0,445.0,580.0
173,395.0,665.0,800.0
174,395.0,650.0,785.0
175,380.0,635.0,785.0
176,380.0,635.0,770.0
177,365.0,620.0,770.0
178,350.0,605.0,770.0
179,335.0,590.0,770.0
180,320.0,575.0,755.0
181,305.0,575.0,815.0
182,290.0,575.0,800.0
183,275.0,560.0,785.0
184,335.0,560.0,770.0
185,320.0,545.0,755.0
186,305.0,605.0,740.0
187,290.0,590.0,725.0
188,275.0,590.0,725.0
189,275.0,590.0,710.0
190,260.0,590.0,710.0
191,245.0,575.0,695.0
192,230.0,575.0,680.0
193,215.0,635.0,665.0
194,200.0,620.0,650.0
195,200.0,620.0,650.0
196,185.0,605.0,650.0
197,170.0,590.0,635.0
198,170.0,575.0,620.0
199,155.0,575.0,605.0
200,140.0,560.0,590.0
201,125.0,545.0,650.0
202,125.0,530.0,635.0
203,185.0,590.0,620.0
204,170.0,575.0,605.0
205,155.0,560.0,590.0
206,140.0,545.0,575.0
207,125.0,530.0,560.0
208,110.0,515.0,620.0
209,95.0,500.0,605.0
210,80.0,485.0,590.0
211,140.0,470.0,575.0
212,125.0,470.0,575.0
213,110.0,470.0,560.0
214,170.0,455.0,545.0
215,155.0,440.0,530.0
216,155.0,425.0,515.0
217,140.0,410.0,500.0
218,140.0,410.0,485.0
219,125.0,395.0,485.0
220,125.0,395.0,485.0
221,125.0,380.0,470.0
222,110.0,380.0,455.0
223,95.0,380.0,455.0
224,80.0,365.0,440.0
225,80.0,365.0,500.0
226,80.0,365.0,500.0
227,80.0,350.0,500.0
228,65.0,335.0,500.0
229,50.0,335.0,485.0
230,50.0,395.0,470.0
231,35.0,380.0,455.0
232,20.0,380.0,440.0
233,20.0,365.0,425.0
234,5.0,365.0,410.0
235,65.0,350.0,395.0
236,50.0,335.0,380.0
237,110.0,395.0,365.0
238,170.0,395.0,350.0
239,170.0,395.0,335.0
240,155.0,395.0,335.0
241,155.0,395.0,335.0
242,155.0,395.0,320.0
243,155.0,380.0,305.0
244,140.0,380.0,290.0
245,125.0,365.0,275.0
246,110.0,350.0,275.0
247,110.0,350.0,260.0
248,170.0,335.0,245.0
249,155.0,320.0,230.0
250,140.0,305.0,215.0
251,140.0,290.0,200.0
252,125.0,275.0,185.0
253,110.0,260.0,170.0
254,110.0,260.0,170.0
255,95.0,245.0,170.0
256,95.0,245.0,155.0
257,80.0,230.0,140.0
258,80.0,215.0,140.0
259,80.0,215.0,125.0
260,65.0,275.0,110.0
261,50.0,275.0,95.0
262,35.0,275.0,80.0
263,20.0,260.0,80.0
264,5.0,320.0,140.0
265,1000,320.0,140.0
266,1000,320.0,140.0
267,1000,320.0,140.0
268,985.0,320.0,140.0
269,1045.0,305.0,140.0
270,1030.0,290.0,200.0
271,1015.0,275.0,185.0
272,1000.0,275.0,170.0
273,1000.0,260.0,155.0
274,1000.0,245.0,140.0
275,985.0,230.0,140.0
276,985.0,230.0,140.0
277,985.0,215.0,125.0
278,985.0,215.0,110.0
279,985.0,200.0,95.0
280,985.0,200.0,80.0
281,970.0,200.0,80.0
282,970.0,185.0,65.0
283,955.0,170.0,50.0
284,940.0,155.0,35.0
285,925.0,140.0,35.0
286,925.0,125.0,20.0
287,985.0,110.0,5.0
288,970.0,95.0,1000
289,970.0,80.0,1000
290,955.0,80.0,985.0
291,940.0,65.0,970.0
292,940.0,65.0,955.0
293,925.0,50.0,940.0
294,985.0,35.0,925.0
295,985.0,20.0,910.0
296,970.0,5.0,895.0
297,955.0,1000,880.0
298,940.0,1060,865.0
299,925.0,1045.0,850.0
300,910.0,1030.0,835.0
301,895.0,1030.0,835.0
302,880.0,1015.0,895.0
303,865.0,1000.0,880.0
304,865.0,1000.0,880.0
305,850.0,1000.0,865.0
306,835.0,1000.0,850.0
307,820.0,985.0,835.0
308,805.0,985.0,820.0
309,790.0,985.0,805.0
310,790.0,985.0,790.0
311,775.0,970.0,790.0
312,775.0,970.0,775.0
313,775.0,955.0,760.0
314,760.0,940.0,745.0
315,745.0,925.0,730.0
316,730.0,985.0,790.0
317,790.0,970.0,775.0
318,790.0,970.0,760.0
319,790.0,955.0,760.0
320,790.0,955.0,760.0
321,775.0,955.0,745.0
322,995.0,940.0,730.0
323,980.0,925.0,730.0
324,965.0,910.0,730.0
325,965.0,970.0,715.0
326,950.0,955.0,715.0
327,950.0,940.0,700.0
328,935.0,940.0,685.0
329,920.0,940.0,670.0
330,980.0,925.0,730.0
331,965.0,910.0,790.0
332,965.0,895.0,775.0
333,965.0,880.0,760.0
334,950.0,865.0,745.0
335,935.0,850.0,730.0
336,920.0,835.0,715.0
337,905.0,835.0,715.0
338,890.0,835.0,715.0
339,875.0,820.0,715.0
340,860.0,805.0,715.0
341,860.0,805.0,700.0
342,920.0,790.0,685.0
343,920.0,775.0,670.0
344,905.0,760.0,670.0
345,890.0,760.0,655.0
346,875.0,760.0,655.0
347,875.0,745.0,640.0
348,860.0,805.0,700.0
349,845.0,790.0,700.0
350,830.0,775.0,700.0
351,815.0,835.0,760.0
352,815.0,820.0,745.0
353,875.0,805.0,745.0
354,875.0,805.0,745.0
355,860.0,790.0,805.0
356,860.0,775.0,805.0
357,845.0,760.0,790.0
358,845.0,745.0,790.0
359,830.0,730.0,775.0
360,815.0,715.0,760.0
361,800.0,700.0,745.0
362,800.0,700.0,730.0
363,785.0,700.0,730.0
364,770.0,685.0,715.0
365,770.0,685.0,700.0
366,770.0,685.0,685.0
367,770.0,670.0,670.0
368,755.0,655.0,655.0
369,755.0,640.0,655.0
370,755.0,625.0,640.0
371,740.0,625.0,640.0
372,740.0,625.0,625.0
373,725.0,610.0,610.0
374,710.0,610.0,595.0
375,695.0,595.0,580.0
376,680.0,595.0,580.0
377,665.0,595.0,640.0
378,725.0,580.0,625.0
379,710.0,565.0,610.0
380,695.0,550.0,595.0
381,680.0,610.0,595.0
382,665.0,610.0,580.0
383,665.0,595.0,580.0
384,650.0,595.0,565.0
385,635.0,580.0,550.0
386,620.0,565.0,535.0
387,605.0,550.0,520.0
388,605.0,550.0,520.0
389,590.0,550.0,505.0
390,575.0,535.0,490.0
391,560.0,520.0,475.0
392,545.0,505.0,460.0
393,545.0,565.0,520.0
394,530.0,550.0,505.0
395,515.0,535.0,490.0
396,500.0,520.0,475.0
397,500.0,505.0,460.0
398,485.0,490.0,445.0
399,470.0,490.0,445.0
400,455.0,490.0,430.0
401,455.0,490.0,430.0
402,440.0,475.0,415.0
403,425.0,460.0,415.0
404,410.0,460.0,400.0
405,470.0,445.0,460.0
406,470.0,445.0,460.0
407,470.0,445.0,460.0
408,530.0,430.0,460.0
409,515.0,415.0,460.0
410,500.0,400.0,460.0
411,485.0,385.0,445.0
412,545.0,370.0,430.0
413,545.0,355.0,430.0
414,545.0,340.0,430.0
415,530.0,325.0,430.0
416,750.0,310.0,415.0
417,735.0,295.0,415.0
418,735.0,295.0,415.0
419,720.0,295.0,415.0
420,705.0,280.0,400.0
421,705.0,265.0,385.0
422,690.0,265.0,370.0
423,675.0,265.0,355.0
424,660.0,250.0,355.0
425,645.0,235.0,340.0
426,645.0,220.0,325.0
427,630.0,205.0,325.0
428,615.0,205.0,310.0
429,600.0,190.0,295.0
430,600.0,175.0,295.0
431,600.0,160.0,280.0
432,600.0,160.0,265.0
433,585.0,145.0,325.0
434,570.0,145.0,310.0
435,570.0,130.0,295.0
436,555.0,115.0,355.0
437,555.0,115.0,355.0
438,615.0,100.0,340.0
439,615.0,85.0,340.0
440,615.0,85.0,340.0
441,600.0,70.0,340.0
442,660.0,55.0,325.0
443,660.0,55.0,325.0
444,645.0,40.0,310.0
445,645.0,25.0,310.0
446,645.0,10.0,310.0
447,630.0,70.0,295.0
448,630.0,55.0,280.0
449,615.0,55.0,265.0
450,615.0,55.0,250.0
451,615.0,40.0,250.0
452,600.0,260.0,235.0
453,600.0,260.0,220.0
454,600.0,260.0,205.0
455,585.0,260.0,190.0
456,570.0,260.0,175.0
457,570.0,260.0,160.0
458,790.0,245.0,145.0
459,775.0,230.0,130.0
460,775.0,215.0,130.0
461,760.0,200.0,190.0
462,745.0,200.0,190.0
463,730.0,185.0,175.0
464,715.0,170.0,175.0
465,700.0,170.0,175.0
466,760.0,230.0,160.0
467,820.0,215.0,220.0
468,880.0,200.0,280.0
469,865.0,185.0,265.0
470,865.0,170.0,325.0
471,865.0,170.0,310.0
472,850.0,155.0,295.0
473,835.0,140.0,295.0
474,835.0,125.0,295.0
475,835.0,110.0,280.0
476,820.0,170.0,265.0
477,820.0,170.0,265.0
478,820.0,170.0,250.0
479,805.0,155.0,235.0
480,790.0,140.0,220.0
481,850.0,125.0,205.0
482,835.0,110.0,190.0
483,820.0,95.0,190.0
484,820.0,95.0,190.0
485,805.0,95.0,190.0
486,805.0,95.0,190.0
487,805.0,80.0,190.0
488,790.0,65.0,175.0
489,775.0,65.0,160.0
490,760.0,50.0,145.0
491,745.0,50.0,145.0
492,745.0,35.0,130.0
493,730.0,35.0,130.0
494,730.0,20.0,130.0
495,730.0,5.0,115.0
496,730.0,1000,100.0
497,715.0,985.0,85.0
498,700.0,970.0,70.0
499,700.0,970.0,70.0
500,685.0,955.0,55.0
501,670.0,940.0,40.0
502,670.0,925.0,25.0
503,655.0,910.0,25.0
504,655.0,895.0,25.0
505,640.0,955.0,85.0
506,625.0,940.0,70.0
507,610.0,925.0,55.0
508,595.0,910.0,40.0
509,580.0,910.0,100.0
510,580.0,895.0,85.0
511,580.0,895.0,85.0
512,580.0,880.0,85.0
513,580.0,865.0,85.0
514,580.0,865.0,85.0
515,580.0,850.0,70.0
516,580.0,850.0,70.0
517,565.0,850.0,55.0
518,550.0,835.0,40.0
519,550.0,820.0,40.0
520,535.0,805.0,25.0
521,595.0,865.0,10.0
522,595.0,850.0,10.0
523,580.0,850.0,1000
524,565.0,850.0,1000
525,550.0,835.0,985.0
526,550.0,820.0,985.0
527,535.0,805.0,970.0
528,535.0,805.0,955.0
529,535.0,790.0,940.0
530,520.0,790.0,940.0
531,505.0,790.0,940.0
532,490.0,790.0,940.0
533,475.0,775.0,940.0
534,475.0,775.0,940.0
535,475.0,775.0,940.0
536,460.0,760.0,940.0
537,445.0,745.0,940.0
538,445.0,730.0,925.0
539,445.0,730.0,925.0
540,445.0,715.0,925.0
541,430.0,715.0,925.0
542,415.0,700.0,910.0
543,415.0,700.0,895.0
544,400.0,685.0,895.0
545,385.0,745.0,880.0
546,370.0,730.0,865.0
547,430.0,790.0,850.0
548,415.0,790.0,835.0
549,400.0,775.0,835.0
550,400.0,760.0,820.0
551,460.0,745.0,820.0
552,460.0,745.0,805.0
553,460.0,745.0,790.0
554,460.0,730.0,790.0
555,445.0,730.0,775.0
556,445.0,730.0,775.0
557,430.0,730.0,775.0
558,415.0,730.0,835.0
559,415.0,715.0,835.0
560,400.0,715.0,820.0
561,400.0,715.0,820.0
562,400.0,700.0,805.0
563,385.0,685.0,805.0
564,370.0,685.0,790.0
565,370.0,685.0,790.0
566,430.0,670.0,790.0
567,415.0,655.0,775.0
568,400.0,640.0,760.0
569,385.0,625.0,760.0
570,370.0,625.0,760.0
571,370.0,610.0,760.0
572,355.0,670.0,745.0
573,340.0,655.0,745.0
574,340.0,655.0,730.0
575,400.0,715.0,730.0
576,400.0,715.0,730.0
577,385.0,700.0,790.0
578,370.0,700.0,850.0
579,355.0,700.0,835.0
580,355.0,700.0,835.0
581,355.0,700.0,820.0
582,355.0,685.0,805.0
583,355.0,670.0,790.0
584,340.0,670.0,775.0
585,325.0,670.0,760.0
586,310.0,655.0,760.0
587,530.0,875.0,745.0
588,590.0,935.0,745.0
589,590.0,935.0,730.0
590,575.0,920.0,715.0
591,560.0,905.0,715.0
592,560.0,905.0,715.0
593,560.0,890.0,700.0
594,545.0,890.0,700.0
595,530.0,950.0,685.0
596,515.0,935.0,670.0
597,575.0,920.0,670.0
598,560.0,905.0,655.0
599,545.0,890.0,640.0
600,530.0,875.0,700.0
601,515.0,860.0,685.0
602,575.0,845.0,745.0
603,575.0,830.0,745.0
604,560.0,815.0,730.0
605,545.0,815.0,790.0
606,530.0,815.0,790.0
607,515.0,815.0,790.0
608,515.0,800.0,775.0
609,500.0,800.0,760.0
610,500.0,800.0,745.0
611,485.0,785.0,730.0
612,470.0,845.0,790.0
613,455.0,845.0,790.0
614,440.0,830.0,790.0
615,425.0,830.0,790.0
616,410.0,815.0,775.0
617,395.0,875.0,835.0
618,380.0,860.0,895.0
619,365.0,845.0,895.0
620,350.0,830.0,895.0
621,335.0,815.0,880.0
622,320.0,875.0,880.0
623,305.0,860.0,865.0
624,290.0,860.0,850.0
625,290.0,845.0,835.0
626,290.0,845.0,835.0
627,290.0,830.0,835.0
628,275.0,830.0,820.0
629,260.0,815.0,805.0
630,245.0,815.0,790.0
631,230.0,815.0,790.0
632,230.0,815.0,775.0
633,215.0,800.0,775.0
634,215.0,800.0,775.0
635,215.0,785.0,775.0
636,200.0,785.0,775.0
637,200.0,770.0,760.0
638,185.0,770.0,745.0
639,170.0,770.0,745.0
640,170.0,755.0,730.0
641,155.0,740.0,715.0
642,140.0,740.0,700.0
643,125.0,740.0,685.0
644,125.0,725.0,670.0
645,125.0,710.0,655.0
646,125.0,695.0,640.0
647,125.0,695.0,625.0
648,125.0,755.0,610.0
649,110.0,740.0,595.0
650,95.0,725.0,595.0
651,80.0,710.0,580.0
652,65.0,695.0,565.0
653,65.0,695.0,565.0
654,50.0,695.0,565.0
655,50.0,680.0,565.0
656,35.0,680.0,565.0
657,95.0,665.0,550.0
658,95.0,650.0,535.0
659,80.0,650.0,520.0
660,65.0,635.0,520.0
661,65.0,620.0,520.0
662,125.0,605.0,505.0
663,185.0,590.0,490.0
664,185.0,650.0,475.0
665,245.0,650.0,460.0
666,245.0,635.0,445.0
667,230.0,635.0,430.0
668,215.0,620.0,430.0
669,215.0,620.0,415.0
670,200.0,680.0,400.0
671,185.0,740.0,460.0
672,185.0,725.0,460.0
673,170.0,710.0,445.0
674,155.0,695.0,445.0
675,140.0,680.0,445.0
676,125.0,680.0,430.0
677,110.0,740.0,490.0
678,95.0,725.0,475.0
679,80.0,725.0,460.0
680,80.0,725.0,445.0
681,65.0,725.0,430.0
682,65.0,710.0,415.0
683,65.0,695.0,415.0
684,65.0,680.0,415.0
685,125.0,680.0,400.0
686,110.0,680.0,400.0
687,110.0,665.0,385.0
688,95.0,650.0,370.0
689,80.0,635.0,370.0
690,65.0,620.0,355.0
691,125.0,680.0,415.0
692,110.0,665.0,400.0
693,95.0,650.0,385.0
694,80.0,635.0,385.0
695,65.0,635.0,445.0
696,50.0,635.0,430.0
697,110.0,620.0,415.0
698,95.0,605.0,400.0
699,80.0,605.0,400.0
700,80.0,590.0,385.0
701,140.0,575.0,370.0
702,125.0,560.0,370.0
703,110.0,545.0,355.0
704,110.0,530.0,355.0
705,95.0,530.0,340.0
706,80.0,530.0,325.0
707,65.0,530.0,310.0
708,50.0,515.0,295.0
709,35.0,500.0,280.0
710,20.0,560.0,280.0
711,5.0,545.0,265.0
712,1000,530.0,250.0
713,985.0,530.0,250.0
714,970.0,530.0,235.0
715,1030.0,515.0,220.0
716,1015.0,515.0,205.0
717,1015.0,500.0,205.0
718,1015.0,485.0,190.0
719,1000.0,485.0,190.0
720,1060.0,470.0,175.0
721,1060.0,470.0,175.0
722,1060.0,470.0,160.0
723,1060.0,470.0,160.0
724,1060.0,455.0,145.0
725,1060.0,455.0,145.0
726,1060.0,455.0,145.0
727,1045.0,440.0,130.0
728,1045.0,440.0,115.0
729,1045.0,440.0,115.0
730,1030.0,500.0,175.0
731,1015.0,485.0,160.0
732,1000.0,470.0,145.0
733,985.0,455.0,130.0
734,985.0,455.0,130.0
735,985.0,440.0,190.0
736,985.0,440.0,175.0
737,970.0,440.0,160.0
738,955.0,425.0,145.0
739,955.0,425.0,145.0
740,940.0,410.0,130.0
741,940.0,395.0,115.0
742,940.0,380.0,100.0
743,925.0,365.0,85.0
744,910.0,365.0,70.0
745,895.0,365.0,55.0
746,880.0,350.0,55.0
747,880.0,350.0,40.0
748,865.0,335.0,25.0
749,865.0,335.0,25.0
750,850.0,335.0,10.0
751,850.0,335.0,1000
752,850.0,320.0,1000
753,835.0,305.0,985.0
754,835.0,290.0,970.0
755,820.0,290.0,955.0
756,805.0,275.0,940.0
757,790.0,260.0,925.0
758,775.0,245.0,925.0
759,760.0,230.0,910.0
760,745.0,215.0,910.0
761,730.0,215.0,970.0
762,715.0,200.0,955.0
763,700.0,200.0,955.0
764,685.0,200.0,940.0
765,670.0,200.0,925.0
766,655.0,185.0,910.0
767,640.0,170.0,895.0
768,640.0,155.0,880.0
769,640.0,155.0,865.0
770,625.0,215.0,850.0
771,625.0,200.0,850.0
772,610.0,185.0,835.0
773,610.0,170.0,835.0
774,595.0,170.0,835.0
775,595.0,155.0,820.0
776,580.0,140.0,805.0
777,580.0,125.0,805.0
778,565.0,110.0,790.0
779,550.0,170.0,775.0
780,535.0,170.0,775.0
781,520.0,155.0,775.0
782,505.0,155.0,760.0
783,490.0,215.0,820.0
784,475.0,215.0,820.0
785,475.0,215.0,805.0
786,475.0,200.0,805.0
787,460.0,185.0,790.0
788,445.0,170.0,775.0
789,430.0,155.0,760.0
790,415.0,155.0,760.0
791,400.0,155.0,745.0
792,400.0,155.0,745.0
793,385.0,155.0,730.0
794,370.0,155.0,730.0
795,370.0,140.0,715.0
796,355.0,140.0,700.0
797,340.0,125.0,700.0
798,325.0,125.0,685.0
799,310.0,125.0,670.0
800,310.0,125.0,670.0
801,310.0,110.0,655.0
802,295.0,95.0,640.0
803,295.0,80.0,640.0
804,280.0,80.0,640.0
805,280.0,65.0,640.0
806,265.0,65.0,625.0
807,250.0,65.0,625.0
808,250.0,65.0,610.0
809,235.0,65.0,595.0
810,220.0,50.0,580.0
811,220.0,50.0,580.0
812,440.0,35.0,565.0
813,440.0,20.0,565.0
814,425.0,5.0,550.0
815,425.0,5.0,535.0
816,485.0,1000,520.0
817,470.0,985.0,505.0
818,530.0,970.0,490.0
819,515.0,955.0,475.0
820,515.0,940.0,475.0
821,500.0,925.0,475.0
822,500.0,910.0,460.0
823,485.0,895.0,445.0
824,470.0,895.0,445.0
825,470.0,895.0,445.0
826,470.0,895.0,445.0
827,455.0,895.0,445.0
828,440.0,880.0,445.0
829,425.0,880.0,430.0
830,410.0,865.0,415.0
831,410.0,865.0,415.0
832,410.0,865.0,415.0
833,470.0,850.0,400.0
834,455.0,850.0,385.0
835,440.0,835.0,385.0
836,425.0,820.0,370.0
837,410.0,820.0,355.0
838,395.0,805.0,355.0
839,380.0,790.0,355.0
840,365.0,790.0,340.0
841,350.0,775.0,340.0
842,350.0,775.0,340.0
843,350.0,760.0,325.0
844,335.0,820.0,310.0
845,335.0,805.0,295.0
846,320.0,790.0,295.0
847,305.0,775.0,355.0
848,305.0,760.0,355.0
849,305.0,745.0,355.0
850,290.0,730.0,340.0
851,290.0,715.0,340.0
852,275.0,715.0,340.0
853,275.0,700.0,340.0
854,260.0,700.0,325.0
855,260.0,685.0,310.0
856,245.0,670.0,310.0
857,230.0,655.0,295.0
858,215.0,640.0,295.0
859,215.0,625.0,280.0
860,200.0,625.0,265.0
861,420.0,610.0,250.0
862,420.0,595.0,250.0
863,405.0,580.0,235.0
864,390.0,565.0,220.0
865,450.0,550.0,220.0
866,510.0,550.0,220.0
867,510.0,535.0,220.0
868,510.0,520.0,220.0
869,510.0,520.0,205.0
870,510.0,505.0,205.0
871,510.0,490.0,190.0
872,510.0,475.0,190.0
873,495.0,460.0,175.0
874,480.0,460.0,175.0
875,465.0,445.0,160.0
876,450.0,430.0,145.0
877,450.0,430.0,145.0
878,435.0,415.0,145.0
879,420.0,415.0,130.0
880,405.0,415.0,115.0
881,390.0,415.0,100.0
882,390.0,415.0,100.0
883,375.0,415.0,100.0
884,375.0,400.0,100.0
885,360.0,400.0,85.0
886,345.0,385.0,70.0
887,330.0,385.0,55.0
888,315.0,370.0,55.0
889,315.0,370.0,40.0
890,375.0,370.0,25.0
891,360.0,355.0,10.0
892,360.0,340.0,1000
893,360.0,340.0,985.0
894,345.0,325.0,985.0
895,330.0,325.0,970.0
896,315.0,310.0,955.0
897,375.0,295.0,940.0
898,375.0,295.0,940.0
899,375.0,280.0,925.0
900,375.0,280.0,925.0
901,360.0,265.0,910.0
902,360.0,265.0,910.0
903,345.0,250.0,910.0
904,405.0,250.0,895.0
905,390.0,310.0,880.0
906,375.0,295.0,880.0
907,435.0,355.0,865.0
908,420.0,355.0,850.0
909,420.0,340.0,850.0
910,405.0,325.0,850.0
911,390.0,310.0,835.0
912,375.0,310.0,835.0
913,360.0,310.0,820.0
914,360.0,295.0,820.0
915,345.0,280.0,805.0
916,345.0,280.0,805.0
917,405.0,265.0,865.0
918,405.0,265.0,850.0
919,390.0,250.0,835.0
920,375.0,250.0,835.0
921,375.0,235.0,835.0
922,375.0,295.0,835.0
923,375.0,295.0,820.0
924,360.0,280.0,805.0
925,360.0,340.0,805.0
926,360.0,340.0,790.0
927,345.0,340.0,790.0
928,405.0,325.0,850.0
929,390.0,310.0,835.0
930,375.0,310.0,835.0
931,375.0,310.0,820.0
932,375.0,295.0,805.0
933,360.0,355.0,865.0
934,345.0,355.0,865.0
935,345.0,340.0,865.0
936,345.0,325.0,925.0
937,405.0,310.0,925.0
938,390.0,295.0,985.0
939,390.0,295.0,985.0
940,390.0,280.0,970.0
941,375.0,265.0,955.0
942,375.0,265.0,940.0
943,360.0,325.0,925.0
944,360.0,325.0,910.0
945,345.0,325.0,970.0
946,345.0,325.0,955.0
947,330.0,325.0,955.0
948,330.0,310.0,940.0
949,330.0,310.0,940.0
950,315.0,295.0,940.0
951,375.0,280.0,925.0
952,375.0,265.0,910.0
953,375.0,265.0,910.0
954,375.0,265.0,910.0
955,360.0,250.0,895.0
956,345.0,235.0,880.0
957,345.0,220.0,865.0
958,330.0,220.0,850.0
959,330.0,205.0,835.0
960,315.0,190.0,835.0
961,300.0,175.0,820.0
962,300.0,175.0,805.0
963,285.0,175.0,790.0
964,285.0,160.0,790.0
965,270.0,145.0,775.0
966,270.0,130.0,835.0
967,255.0,115.0,820.0
968,255.0,115.0,805.0
969,240.0,100.0,790.0
970,240.0,160.0,775.0
971,240.0,145.0,760.0
972,240.0,145.0,760.0
973,240.0,130.0,820.0
974,240.0,115.0,820.0
975,225.0,115.0,805.0
976,225.0,100.0,790.0
977,210.0,85.0,790.0
978,195.0,85.0,775.0
979,180.0,70.0,775.0
980,180.0,70.0,760.0
981,165.0,70.0,760.0
982,165.0,55.0,745.0
983,150.0,115.0,730.0
984,135.0,115.0,715.0
985,120.0,100.0,775.0
986,180.0,85.0,760.0
987,180.0,85.0,745.0
988,180.0,70.0,730.0
989,240.0,55.0,715.0
990,225.0,55.0,715.0
991,210.0,55.0,715.0
992,195.0,55.0,715.0
993,195.0,40.0,715.0
994,180.0,25.0,700.0
995,165.0,10.0,700.0
996,150.0,1000,700.0
997,150.0,985.0,760.0
998,150.0,970.0,745.0
999,135.0,955.0,730.0
1000,120.0,940.0,715.0
1001,120.0,925.0,700.0
1002,120.0,925.0,685.0
1003,120.0,910.0,670.0
1004,120.0,910.0,655.0
1005,105.0,895.0,640.0
1006,165.0,895.0,625.0
1007,165.0,880.0,610.0
1008,165.0,865.0,610.0
1009,150.0,850.0,610.0
1010,135.0,835.0,610.0
1011,120.0,835.0,610.0
1012,120.0,835.0,610.0
1013,105.0,820.0,595.0
1014,90.0,805.0,815.0
1015,90.0,790.0,815.0
1016,75.0,790.0,815.0
1017,60.0,775.0,800.0
1018,45.0,760.0,785.0
1019,30.0,745.0,770.0
1020,15.0,730.0,755.0
1021,75.0,715.0,755.0
1022,60.0,700.0,740.0
1023,45.0,685.0,725.0
1024,30.0,685.0,710.0
1025,90.0,685.0,695.0
1026,90.0,670.0,680.0
1027,75.0,655.0,665.0
1028,60.0,640.0,650.0
1029,45.0,625.0,635.0
1030,45.0,610.0,635.0
1031,30.0,595.0,635.0
1032,30.0,595.0,620.0
1033,15.0,595.0,620.0
1034,15.0,595.0,605.0
1035,15.0,580.0,605.0
1036,1000,565.0,605.0
1037,985.0,565.0,590.0
1038,970.0,565.0,575.0
1039,955.0,550.0,560.0
1040,955.0,535.0,545.0
1041,940.0,520.0,605.0
1042,1000.0,505.0,590.0
1043,985.0,490.0,575.0
1044,1045.0,490.0,560.0
1045,1030.0,490.0,560.0
1046,1015.0,490.0,545.0
1047,1000.0,475.0,530.0
1048,1000.0,460.0,530.0
1049,1000.0,460.0,515.0
1050,1000.0,445.0,500.0
1051,985.0,430.0,485.0
1052,970.0,415.0,470.0
1053,955.0,415.0,455.0
1054,940.0,415.0,455.0
1055,925.0,400.0,440.0
1056,925.0,400.0,425.0
1057,925.0,400.0,410.0
1058,925.0,400.0,395.0
1059,910.0,400.0,395.0
1060,895.0,385.0,380.0
1061,880.0,370.0,365.0
1062,865.0,370.0,350.0
1063,850.0,355.0,335.0
1064,835.0,340.0,320.0
1065,820.0,340.0,320.0
1066,820.0,340.0,320.0
1067,820.0,325.0,320.0
1068,805.0,385.0,305.0
1069,805.0,370.0,305.0
1070,805.0,355.0,290.0
1071,805.0,340.0,290.0
1072,805.0,325.0,290.0
1073,805.0,325.0,275.0
1074,865.0,310.0,260.0
1075,865.0,295.0,260.0
1076,925.0,280.0,260.0
1077,925.0,280.0,245.0
1078,910.0,280.0,230.0
1079,910.0,280.0,215.0
1080,895.0,280.0,215.0
1081,880.0,265.0,215.0
1082,865.0,250.0,200.0
1083,850.0,235.0,185.0
1084,850.0,220.0,185.0
1085,835.0,205.0,170.0
1086,835.0,190.0,155.0
1087,835.0,190.0,155.0
1088,835.0,175.0,155.0
1089,820.0,235.0,140.0
1090,805.0,220.0,125.0
1091,805.0,220.0,110.0
1092,790.0,205.0,95.0
1093,775.0,190.0,95.0
1094,760.0,175.0,80.0
1095,745.0,175.0,65.0
1096,730.0,175.0,50.0
1097,730.0,175.0,50.0
1098,715.0,235.0,50.0
1099,700.0,235.0,35.0
1100,685.0,220.0,20.0
1101,745.0,220.0,5.0
1102,745.0,205.0,1000
1103,745.0,190.0,985.0
1104,730.0,190.0,985.0
1105,715.0,175.0,985.0
1106,700.0,160.0,985.0
1107,685.0,145.0,970.0
1108,685.0,145.0,970.0
1109,670.0,130.0,955.0
1110,670.0,130.0,940.0
1111,655.0,130.0,940.0
1112,640.0,130.0,925.0
1113,625.0,130.0,910.0
1114,610.0,115.0,895.0
1115,610.0,100.0,880.0
1116,595.0,100.0,880.0
1117,595.0,85.0,880.0
1118,580.0,85.0,880.0
1119,640.0,145.0,865.0
1120,640.0,145.0,850.0
1121,640.0,145.0,835.0
1122,625.0,130.0,820.0
1123,610.0,115.0,805.0
1124,595.0,175.0,805.0
1125,595.0,175.0,805.0
1126,655.0,160.0,865.0
1127,640.0,145.0,850.0
1128,625.0,130.0,850.0
1129,625.0,115.0,850.0
1130,610.0,115.0,835.0
1131,610.0,100.0,820.0
1132,595.0,85.0,880.0
1133,595.0,85.0,880.0
1134,655.0,85.0,940.0
1135,640.0,70.0,940.0
1136,625.0,55.0,940.0
1137,610.0,55.0,925.0
1138,830.0,40.0,910.0
1139,830.0,40.0,910.0
1140,830.0,40.0,895.0
1141,815.0,25.0,880.0
1142,815.0,10.0,865.0
1143,815.0,1000,865.0
1144,800.0,985.0,865.0
1145,800.0,970.0,850.0
1146,800.0,955.0,835.0
1147,785.0,955.0,820.0
1148,770.0,940.0,820.0
1149,755.0,925.0,820.0
1150,755.0,910.0,805.0
1151,740.0,895.0,805.0
1152,725.0,880.0,790.0
1153,710.0,865.0,775.0
1154,695.0,850.0,760.0
1155,695.0,850.0,745.0
1156,695.0,835.0,745.0
1157,695.0,820.0,730.0
1158,680.0,805.0,790.0
1159,665.0,790.0,775.0
1160,650.0,790.0,760.0
1161,635.0,790.0,745.0
1162,635.0,775.0,730.0
1163,620.0,760.0,715.0
1164,605.0,745.0,715.0
1165,590.0,805.0,775.0
1166,590.0,805.0,775.0
1167,650.0,865.0,760.0
1168,635.0,850.0,745.0
1169,620.0,850.0,730.0
1170,620.0,835.0,715.0
1171,605.0,835.0,715.0
1172,665.0,820.0,700.0
1173,885.0,805.0,920.0
1174,870.0,805.0,905.0
1175,855.0,790.0,965.0
1176,840.0,775.0,965.0
1177,840.0,760.0,950.0
1178,900.0,745.0,950.0
1179,885.0,745.0,950.0
1180,885.0,730.0,950.0
1181,870.0,715.0,935.0
1182,870.0,715.0,920.0
1183,855.0,715.0,905.0
1184,855.0,700.0,890.0
1185,840.0,760.0,950.0
1186,840.0,745.0,950.0
1187,825.0,730.0,950.0
1188,825.0,715.0,935.0
1189,825.0,715.0,920.0
1190,810.0,700.0,905.0
1191,795.0,685.0,890.0
1192,780.0,670.0,890.0
1193,780.0,655.0,875.0
1194,780.0,640.0,860.0
1195,780.0,640.0,860.0
1196,765.0,700.0,860.0
1197,765.0,700.0,860.0
1198,750.0,700.0,845.0
1199,735.0,700.0,845.0
1200,735.0,700.0,830.0
1201,735.0,685.0,830.0
1202,735.0,685.0,830.0
1203,720.0,685.0,830.0
1204,705.0,670.0,830.0
1205,705.0,670.0,830.0
1206,705.0,670.0,815.0
1207,690.0,670.0,800.0
1208,690.0,670.0,785.0
1209,675.0,730.0,785.0
1210,660.0,715.0,770.0
1211,660.0,700.0,770.0
1212,645.0,685.0,755.0
1213,645.0,670.0,755.0
1214,630.0,655.0,740.0
1215,690.0,640.0,740.0
1216,690.0,640.0,725.0
1217,690.0,640.0,710.0
1218,675.0,640.0,710.0
1219,675.0,640.0,695.0
1220,660.0,640.0,680.0
1221,720.0,625.0,665.0
1222,705.0,625.0,665.0
1223,690.0,625.0,650.0
1224,690.0,610.0,635.0
1225,675.0,595.0,620.0
1226,735.0,580.0,620.0
1227,720.0,565.0,620.0
1228,705.0,565.0,605.0
1229,690.0,550.0,590.0
1230,690.0,535.0,575.0
1231,675.0,520.0,575.0
1232,660.0,520.0,575.0
1233,720.0,580.0,575.0
1234,705.0,565.0,560.0
1235,690.0,550.0,545.0
1236,675.0,550.0,545.0
1237,675.0,535.0,530.0
1238,660.0,520.0,515.0
1239,645.0,505.0,500.0
1240,645.0,490.0,485.0
1241,630.0,490.0,470.0
1242,615.0,490.0,470.0
1243,615.0,475.0,470.0
1244,615.0,475.0,455.0
1245,615.0,535.0,440.0
1246,600.0,535.0,425.0
1247,585.0,535.0,410.0
1248,570.0,520.0,395.0
1249,555.0,740.0,380.0
1250,615.0,725.0,365.0
1251,600.0,710.0,350.0
1252,660.0,695.0,335.0
1253,720.0,680.0,395.0
1254,705.0,680.0,395.0
1255,925.0,665.0,380.0
1256,910.0,650.0,365.0
1257,895.0,635.0,350.0
1258,895.0,620.0,335.0
1259,880.0,680.0,320.0
1260,880.0,665.0,305.0
1261,865.0,650.0,290.0
1262,1085.0,635.0,275.0
1263,1070.0,620.0,275.0
1264,1055.0,605.0,260.0
1265,1055.0,590.0,245.0
1266,1040.0,575.0,245.0
1267,1025.0,575.0,230.0
1268,1010.0,560.0,230.0
1269,995.0,545.0,215.0
1270,980.0,530.0,275.0
1271,965.0,530.0,260.0
1272,950.0,515.0,245.0
1273,950.0,500.0,245.0
1274,950.0,500.0,230.0
1275,950.0,500.0,230.0
1276,1010.0,485.0,290.0
1277,995.0,470.0,275.0
1278,980.0,455.0,275.0
1279,980.0,440.0,260.0
1280,965.0,425.0,260.0
1281,1025.0,425.0,245.0
1282,1025.0,425.0,245.0
1283,1010.0,410.0,230.0
1284,995.0,395.0,290.0
1285,995.0,380.0,290.0
1286,980.0,380.0,275.0
1287,980.0,365.0,260.0
1288,965.0,365.0,245.0
1289,965.0,365.0,245.0
1290,965.0,350.0,230.0
1291,965.0,350.0,230.0
1292,950.0,410.0,290.0
1293,935.0,395.0,275.0
1294,920.0,395.0,260.0
1295,905.0,395.0,245.0
1296,890.0,380.0,245.0
1297,950.0,365.0,245.0
1298,950.0,365.0,245.0
1299,1010.0,425.0,230.0
1300,995.0,485.0,290.0
1301,995.0,485.0,290.0
1302,1055.0,545.0,275.0
1303,1055.0,530.0,260.0
1304,1040.0,515.0,245.0
1305,1040.0,515.0,245.0
1306,1025.0,500.0,245.0
1307,1025.0,500.0,245.0
1308,1085.0,485.0,230.0
1309,1070.0,705.0,215.0
1310,1130.0,765.0,200.0
1311,1130.0,765.0,185.0
1312,1115.0,765.0,245.0
1313,1100.0,765.0,245.0
1314,1160.0,750.0,230.0
1315,1220.0,735.0,215.0
1316,1205.0,720.0,200.0
1317,1190.0,705.0,200.0
1318,1190.0,705.0,200.0
1319,1190.0,690.0,185.0
1320,1175.0,690.0,170.0
1321,1160.0,675.0,170.0
1322,1160.0,675.0,170.0
1323,1145.0,660.0,155.0
1324,1130.0,660.0,215.0
1325,1130.0,645.0,215.0
1326,1115.0,645.0,215.0
1327,1115.0,630.0,215.0
1328,1100.0,690.0,200.0
1329,1085.0,675.0,185.0
1330,1070.0,735.0,170.0
1331,1055.0,735.0,155.0
1332,1040.0,720.0,155.0
1333,1025.0,705.0,155.0
1334,1010.0,690.0,155.0
1335,1070.0,750.0,140.0
1336,1070.0,735.0,125.0
1337,1055.0,720.0,125.0
1338,1055.0,720.0,125.0
1339,1055.0,780.0,110.0
1340,1055.0,765.0,95.0
1341,1115.0,825.0,155.0
1342,1100.0,810.0,140.0
1343,1085.0,795.0,125.0
1344,1070.0,795.0,125.0
1345,1055.0,795.0,110.0
1346,1055.0,795.0,95.0
1347,1055.0,780.0,80.0
1348,1040.0,765.0,65.0
1349,1100.0,750.0,50.0
1350,1100.0,750.0,50.0
1351,1100.0,735.0,110.0
1352,1085.0,720.0,95.0
1353,1070.0,720.0,80.0
1354,1055.0,720.0,80.0
1355,1055.0,705.0,80.0
1356,1040.0,690.0,65.0
1357,1040.0,690.0,50.0
1358,1040.0,690.0,50.0
1359,1040.0,690.0,35.0
1360,1025.0,675.0,20.0
1361,1010.0,675.0,5.0
1362,1010.0,675.0,1000
1363,995.0,675.0,1000
1364,980.0,660.0,1000
1365,965.0,645.0,985.0
1366,965.0,645.0,970.0
1367,965.0,630.0,955.0
1368,1185.0,615.0,1175.0
1369,1170.0,615.0,1160.0
1370,1155.0,675.0,1145.0
1371,1140.0,660.0,1130.0
1372,1140.0,660.0,1130.0
1373,1125.0,645.0,1130.0
1374,1110.0,645.0,1130.0
1375,1110.0,630.0,1115.0
1376,1095.0,630.0,1100.0
1377,1080.0,630.0,1100.0
1378,1065.0,615.0,1085.0
1379,1065.0,600.0,1085.0
1380,1050.0,585.0,1070.0
1381,1050.0,570.0,1070.0
1382,1035.0,555.0,1070.0
1383,1020.0,540.0,1055.0
1384,1020.0,525.0,1115.0
1385,1020.0,510.0,1100.0
1386,1005.0,495.0,1160.0
1387,990.0,495.0,1160.0
1388,975.0,495.0,1145.0
1389,960.0,480.0,1205.0
1390,945.0,465.0,1205.0
1391,930.0,465.0,1190.0
1392,930.0,465.0,1175.0
1393,915.0,450.0,1160.0
1394,900.0,435.0,1220.0
1395,960.0,420.0,1205.0
1396,945.0,405.0,1190.0
1397,930.0,390.0,1190.0
1398,930.0,375.0,1175.0
1399,915.0,375.0,1160.0
1400,915.0,360.0,1160.0
1401,1135.0,345.0,1145.0
1402,1135.0,345.0,1130.0
1403,1120.0,330.0,1115.0
1404,1105.0,315.0,1115.0
1405,1105.0,300.0,1100.0
1406,1090.0,285.0,1100.0
1407,1075.0,270.0,1085.0
1408,1135.0,255.0,1145.0
1409,1135.0,255.0,1145.0
1410,1120.0,240.0,1130.0
1411,1105.0,225.0,1115.0
1412,1090.0,210.0,1100.0
1413,1090.0,210.0,1100.0
1414,1090.0,195.0,1085.0
1415,1090.0,180.0,1070.0
1416,1075.0,180.0,1055.0
1417,1060.0,165.0,1055.0
1418,1045.0,150.0,1115.0
1419,1045.0,135.0,1100.0
1420,1045.0,135.0,1100.0
1421,1030.0,120.0,1320.0
1422,1015.0,120.0,1305.0
1423,1000.0,180.0,1365.0
1424,1000.0,165.0,1365.0
1425,985.0,385.0,1350.0
1426,970.0,370.0,1335.0
1427,955.0,355.0,1320.0
1428,940.0,340.0,1305.0
1429,925.0,325.0,1290.0
1430,910.0,310.0,1275.0
1431,910.0,310.0,1260.0
1432,910.0,310.0,1260.0
1433,910.0,295.0,1260.0
1434,970.0,280.0,1260.0
1435,955.0,265.0,1245.0
1436,940.0,485.0,1230.0
1437,925.0,470.0,1215.0
1438,910.0,455.0,1200.0
1439,895.0,440.0,1185.0
1440,895.0,440.0,1170.0
1441,880.0,425.0,1170.0
1442,865.0,410.0,1155.0
1443,850.0,410.0,1140.0
1444,835.0,395.0,1125.0
1445,820.0,380.0,1110.0
1446,805.0,365.0,1110.0
1447,790.0,350.0,1110.0
1448,775.0,335.0,1095.0
1449,760.0,555.0,1080.0
1450,745.0,540.0,1065.0
1451,730.0,525.0,1065.0
1452,730.0,585.0,1050.0
1453,715.0,570.0,1050.0
1454,700.0,555.0,1035.0
1455,685.0,555.0,1095.0
1456,685.0,555.0,1080.0
1457,670.0,540.0,1080.0
1458,730.0,540.0,1065.0
1459,715.0,600.0,1050.0
1460,715.0,585.0,1050.0
1461,715.0,585.0,1050.0
1462,700.0,585.0,1035.0
1463,700.0,585.0,1020.0
1464,700.0,585.0,1005.0
1465,700.0,585.0,990.0
1466,685.0,570.0,1210.0
1467,670.0,555.0,1195.0
1468,655.0,555.0,1180.0
1469,655.0,540.0,1165.0
1470,640.0,525.0,1150.0
1471,640.0,510.0,1135.0
1472,625.0,495.0,1120.0
1473,625.0,555.0,1180.0
1474,610.0,540.0,1180.0
1475,595.0,525.0,1180.0
1476,595.0,525.0,1165.0
1477,580.0,525.0,1165.0
1478,580.0,525.0,1150.0
1479,565.0,510.0,1210.0
1480,565.0,510.0,1195.0
1481,565.0,495.0,1195.0
1482,565.0,495.0,1180.0
1483,550.0,495.0,1180.0
1484,550.0,480.0,1165.0
1485,535.0,480.0,1150.0
1486,535.0,465.0,1135.0
1487,535.0,450.0,1135.0
1488,520.0,435.0,1135.0
1489,520.0,420.0,1135.0
1490,520.0,405.0,1120.0
1491,520.0,390.0,1120.0
1492,580.0,390.0,1120.0
1493,565.0,375.0,1105.0
1494,550.0,375.0,1090.0
1495,550.0,360.0,1075.0
1496,535.0,360.0,1060.0
1497,520.0,360.0,1060.0
1498,505.0,345.0,1045.0
1499,490.0,345.0,1030.0
1500,475.0,330.0,1015.0
1501,535.0,390.0,1015.0
1502,520.0,375.0,1000.0
1503,520.0,360.0,985.0
1504,505.0,345.0,970.0
1505,490.0,330.0,955.0
1506,475.0,315.0,940.0
1507,460.0,315.0,940.0
1508,445.0,300.0,940.0
1509,430.0,285.0,940.0
1510,430.0,285.0,925.0
1511,430.0,285.0,925.0
1512,430.0,285.0,910.0
1513,415.0,285.0,910.0
1514,400.0,285.0,895.0
1515,385.0,285.0,895.0
1516,385.0,270.0,895.0
1517,445.0,330.0,895.0
1518,445.0,315.0,895.0
1519,430.0,300.0,880.0
1520,430.0,285.0,880.0
1521,415.0,270.0,880.0
1522,400.0,255.0,865.0
1523,385.0,255.0,865.0
1524,370.0,240.0,865.0
1525,355.0,225.0,865.0
1526,340.0,285.0,925.0
1527,325.0,270.0,910.0
1528,310.0,255.0,895.0
1529,310.0,255.0,880.0
1530,370.0,240.0,865.0
1531,370.0,225.0,865.0
1532,355.0,225.0,865.0
1533,340.0,210.0,925.0
1534,325.0,195.0,910.0
1535,310.0,180.0,910.0
1536,310.0,165.0,895.0
1537,310.0,165.0,880.0
1538,295.0,225.0,940.0
1539,280.0,225.0,925.0
1540,340.0,210.0,910.0
1541,400.0,195.0,895.0
1542,400.0,180.0,895.0
1543,385.0,180.0,895.0
1544,370.0,165.0,880.0
1545,355.0,150.0,865.0
1546,340.0,135.0,850.0
1547,325.0,120.0,850.0
1548,310.0,105.0,850.0
1549,295.0,90.0,835.0
1550,280.0,75.0,820.0
1551,265.0,75.0,880.0
1552,265.0,75.0,865.0
1553,250.0,75.0,850.0
1554,250.0,75.0,850.0
1555,235.0,60.0,835.0
1556,220.0,60.0,820.0
1557,220.0,45.0,805.0
1558,220.0,30.0,790.0
1559,205.0,30.0,790.0
1560,205.0,30.0,775.0
1561,190.0,15.0,760.0
1562,190.0,1000,745.0
1563,250.0,985.0,730.0
1564,310.0,1045.0,715.0
1565,310.0,1030.0,700.0
1566,295.0,1030.0,700.0
1567,280.0,1030.0,685.0
1568,265.0,1030.0,685.0
1569,250.0,1030.0,685.0
1570,250.0,1030.0,685.0
1571,250.0,1030.0,685.0
1572,310.0,1090.0,685.0
1573,295.0,1075.0,670.0
1574,280.0,1060.0,655.0
1575,265.0,1045.0,640.0
1576,250.0,1030.0,640.0
1577,235.0,1015.0,625.0
1578,235.0,1015.0,610.0
1579,220.0,1000.0,595.0
1580,220.0,985.0,595.0
1581,205.0,970.0,580.0
1582,205.0,955.0,565.0
1583,190.0,940.0,550.0
1584,175.0,940.0,535.0
1585,160.0,940.0,535.0
1586,145.0,925.0,520.0
1587,130.0,910.0,520.0
1588,115.0,895.0,505.0
1589,100.0,880.0,505.0
1590,100.0,880.0,505.0
1591,85.0,865.0,505.0
1592,70.0,850.0,565.0
1593,70.0,850.0,550.0
1594,130.0,850.0,535.0
1595,115.0,835.0,520.0
1596,115.0,820.0,505.0
1597,100.0,880.0,490.0
1598,100.0,865.0,475.0
1599,160.0,850.0,460.0
1600,160.0,835.0,445.0
1601,145.0,835.0,445.0
1602,145.0,835.0,430.0
1603,130.0,835.0,490.0
1604,115.0,895.0,475.0
1605,115.0,895.0,475.0
1606,115.0,895.0,475.0
1607,100.0,895.0,460.0
1608,85.0,895.0,460.0
1609,145.0,880.0,460.0
1610,145.0,880.0,460.0
1611,130.0,865.0,460.0
1612,130.0,850.0,445.0
1613,115.0,850.0,430.0
1614,115.0,835.0,415.0
1615,100.0,820.0,415.0
1616,85.0,805.0,475.0
1617,85.0,790.0,475.0
1618,70.0,775.0,460.0
1619,55.0,760.0,460.0
1620,40.0,745.0,445.0
1621,25.0,730.0,430.0
1622,25.0,715.0,430.0
1623,25.0,715.0,430.0
1624,10.0,700.0,490.0
1625,1000,685.0,490.0
1626,985.0,670.0,490.0
1627,985.0,655.0,475.0
1628,970.0,640.0,475.0
1629,970.0,625.0,460.0
1630,970.0,610.0,445.0
1631,970.0,670.0,430.0
1632,955.0,655.0,430.0
1633,955.0,655.0,415.0
1634,1015.0,640.0,415.0
1635,1015.0,700.0,415.0
1636,1000.0,700.0,400.0
1637,1060.0,685.0,385.0
1638,1045.0,685.0,385.0
1639,1045.0,685.0,370.0
1640,1030.0,685.0,370.0
1641,1030.0,670.0,355.0
1642,1090.0,655.0,340.0
1643,1090.0,640.0,340.0
1644,1090.0,625.0,325.0
1645,1090.0,625.0,325.0
1646,1075.0,625.0,325.0
1647,1060.0,610.0,310.0
1648,1045.0,595.0,295.0
1649,1045.0,655.0,280.0
1650,1030.0,640.0,265.0
1651,1015.0,625.0,265.0
1652,1000.0,610.0,265.0
1653,1000.0,610.0,265.0
1654,1000.0,610.0,265.0
1655,985.0,610.0,265.0
1656,985.0,595.0,265.0
1657,985.0,580.0,250.0
1658,985.0,640.0,235.0
1659,985.0,640.0,220.0
1660,970.0,625.0,205.0
1661,1030.0,610.0,190.0
1662,1030.0,610.0,175.0
1663,1015.0,610.0,175.0
1664,1015.0,595.0,160.0
1665,1015.0,595.0,145.0
1666,1015.0,595.0,130.0
1667,1015.0,580.0,115.0
1668,1075.0,565.0,100.0
1669,1060.0,550.0,160.0
1670,1045.0,535.0,145.0
1671,1030.0,520.0,130.0
1672,1015.0,505.0,115.0
1673,1015.0,565.0,115.0
1674,1015.0,550.0,100.0
1675,1000.0,535.0,160.0
1676,985.0,535.0,160.0
1677,970.0,535.0,145.0
1678,970.0,520.0,145.0
1679,955.0,505.0,130.0
1680,940.0,725.0,115.0
1681,925.0,710.0,100.0
1682,910.0,710.0,85.0
1683,910.0,710.0,85.0
1684,910.0,695.0,85.0
1685,910.0,695.0,70.0
1686,895.0,680.0,55.0
1687,895.0,665.0,40.0
1688,880.0,665.0,40.0
1689,865.0,650.0,40.0
1690,865.0,650.0,40.0
1691,850.0,650.0,25.0
1692,835.0,635.0,10.0
1693,835.0,635.0,1000
1694,835.0,635.0,985.0
1695,835.0,620.0,985.0
1696,835.0,680.0,970.0
1697,820.0,665.0,1030.0
1698,820.0,665.0,1015.0
1699,880.0,725.0,1075.0
1700,865.0,710.0,1075.0
1701,850.0,695.0,1075.0
1702,850.0,680.0,1075.0
1703,835.0,665.0,1135.0
1704,835.0,650.0,1135.0
1705,835.0,650.0,1135.0
1706,835.0,635.0,1120.0
1707,820.0,620.0,1120.0
1708,805.0,605.0,1120.0
1709,805.0,605.0,1120.0
1710,790.0,665.0,1105.0
1711,775.0,665.0,1090.0
1712,760.0,650.0,1075.0
1713,745.0,650.0,1075.0
1714,745.0,635.0,1075.0
1715,730.0,620.0,1135.0
1716,715.0,605.0,1120.0
1717,715.0,590.0,1105.0
1718,700.0,650.0,1090.0
1719,685.0,650.0,1075.0
1720,670.0,650.0,1060.0
1721,670.0,710.0,1060.0
1722,655.0,695.0,1045.0
1723,640.0,695.0,1030.0
1724,625.0,680.0,1015.0
1725,610.0,665.0,1000.0
1726,595.0,650.0,1060.0
1727,580.0,650.0,1120.0
1728,580.0,635.0,1105.0
1729,565.0,620.0,1090.0
1730,565.0,605.0,1075.0
1731,550.0,590.0,1060.0
1732,535.0,575.0,1045.0
1733,535.0,560.0,1045.0
1734,520.0,560.0,1030.0
1735,520.0,560.0,1030.0
1736,505.0,545.0,1030.0
1737,490.0,545.0,1015.0
1738,475.0,530.0,1000.0
1739,475.0,530.0,985.0
1740,475.0,530.0,985.0
1741,475.0,515.0,985.0
1742,460.0,500.0,985.0
1743,445.0,500.0,970.0
1744,445.0,485.0,970.0
1745,430.0,485.0,955.0
1746,415.0,545.0,940.0
1747,415.0,530.0,940.0
1748,400.0,515.0,925.0
1749,385.0,575.0,910.0
1750,370.0,575.0,970.0
1751,355.0,560.0,1030.0
1752,355.0,545.0,1015.0
1753,355.0,530.0,1015.0
1754,340.0,515.0,1015.0
1755,340.0,500.0,1000.0
1756,400.0,485.0,985.0
1757,385.0,485.0,970.0
1758,385.0,485.0,970.0
1759,385.0,485.0,955.0
1760,370.0,470.0,940.0
1761,370.0,470.0,925.0
1762,355.0,455.0,910.0
1763,355.0,455.0,895.0
1764,340.0,440.0,880.0
1765,325.0,425.0,865.0
1766,325.0,425.0,850.0
1767,310.0,410.0,835.0
1768,295.0,395.0,895.0
1769,295.0,380.0,895.0
1770,280.0,365.0,880.0
1771,265.0,365.0,865.0
1772,250.0,350.0,850.0
1773,310.0,335.0,850.0
1774,310.0,320.0,835.0
1775,295.0,320.0,820.0
1776,280.0,380.0,820.0
1777,265.0,440.0,805.0
1778,250.0,425.0,865.0
1779,250.0,425.0,865.0
1780,250.0,425.0,850.0
1781,250.0,425.0,850.0
1782,250.0,410.0,850.0
1783,250.0,470.0,835.0
1784,235.0,470.0,820.0
1785,220.0,470.0,820.0
1786,205.0,455.0,880.0
1787,205.0,455.0,880.0
1788,205.0,455.0,865.0
1789,205.0,440.0,865.0
1790,190.0,425.0,850.0
1791,190.0,410.0,850.0
1792,175.0,395.0,835.0
1793,175.0,395.0,835.0
1794,175.0,380.0,820.0
1795,160.0,365.0,805.0
1796,145.0,350.0,865.0
1797,130.0,335.0,850.0
1798,115.0,335.0,835.0
1799,115.0,320.0,820.0
1800,175.0,380.0,805.0
1801,160.0,365.0,790.0
1802,160.0,350.0,775.0
1803,145.0,335.0,760.0
1804,130.0,335.0,745.0
1805,115.0,335.0,730.0
1806,100.0,335.0,730.0
1807,100.0,335.0,730.0
1808,85.0,395.0,715.0
1809,70.0,380.0,715.0
1810,70.0,365.0,700.0
1811,70.0,350.0,700.0
1812,70.0,335.0,685.0
1813,55.0,320.0,670.0
1814,115.0,305.0,670.0
1815,115.0,290.0,670.0
1816,115.0,290.0,655.0
1817,100.0,275.0,655.0
1818,160.0,260.0,715.0
1819,160.0,245.0,700.0
1820,160.0,230.0,685.0
1821,145.0,215.0,670.0
1822,205.0,200.0,670.0
1823,190.0,200.0,670.0
1824,175.0,200.0,655.0
1825,175.0,185.0,640.0
1826,160.0,170.0,640.0
1827,160.0,155.0,640.0
1828,160.0,140.0,625.0
1829,145.0,125.0,610.0
1830,145.0,110.0,610.0
1831,130.0,110.0,610.0
1832,130.0,95.0,595.0
1833,115.0,80.0,580.0
1834,115.0,65.0,565.0
1835,100.0,50.0,565.0
1836,85.0,35.0,550.0
1837,85.0,35.0,535.0
1838,85.0,35.0,535.0
1839,70.0,20.0,520.0
1840,55.0,5.0,505.0
1841,40.0,5.0,490.0
1842,25.0,1000,475.0
1843,10.0,1000,460.0
1844,1000,1000,460.0
1845,985.0,1000,460.0
1846,970.0,1000,445.0
1847,955.0,985.0,430.0
1848,955.0,985.0,415.0
1849,955.0,985.0,400.0
1850,940.0,970.0,400.0
1851,925.0,955.0,460.0
1852,910.0,955.0,445.0
1853,895.0,1015.0,430.0
1854,880.0,1015.0,415.0
1855,880.0,1015.0,415.0
1856,865.0,1015.0,400.0
1857,850.0,1015.0,385.0
1858,835.0,1075.0,370.0
1859,835.0,1075.0,355.0
1860,835.0,1075.0,355.0
1861,820.0,1060.0,340.0
1862,805.0,1045.0,325.0
1863,790.0,1045.0,325.0
1864,775.0,1045.0,310.0
1865,760.0,1045.0,310.0
1866,820.0,1030.0,370.0
1867,805.0,1015.0,355.0
1868,805.0,1000.0,340.0
1869,790.0,1000.0,325.0
1870,775.0,985.0,325.0
1871,835.0,970.0,385.0
1872,820.0,955.0,385.0
1873,805.0,940.0,385.0
1874,790.0,940.0,370.0
1875,775.0,940.0,355.0
1876,775.0,940.0,355.0
1877,760.0,925.0,415.0
1878,760.0,925.0,400.0
1879,760.0,910.0,385.0
1880,745.0,970.0,370.0
1881,745.0,970.0,355.0
1882,730.0,970.0,340.0
1883,715.0,955.0,325.0
1884,715.0,955.0,325.0
1885,715.0,940.0,310.0
1886,700.0,940.0,310.0
1887,685.0,940.0,295.0
1888,670.0,925.0,280.0
1889,670.0,925.0,265.0
1890,655.0,910.0,250.0
1891,640.0,895.0,235.0
1892,625.0,895.0,220.0
1893,610.0,895.0,220.0
1894,595.0,880.0,205.0
1895,595.0,880.0,205.0
1896,580.0,880.0,190.0
1897,565.0,865.0,175.0
1898,550.0,850.0,160.0
1899,550.0,850.0,160.0
1900,550.0,835.0,145.0
1901,535.0,820.0,130.0
1902,520.0,820.0,130.0
1903,520.0,820.0,130.0
1904,505.0,820.0,115.0
1905,490.0,805.0,115.0
1906,475.0,790.0,115.0
1907,460.0,775.0,115.0
1908,460.0,775.0,115.0
1909,445.0,760.0,115.0
1910,430.0,745.0,115.0
1911,415.0,805.0,100.0
1912,400.0,790.0,100.0
1913,385.0,775.0,85.0
1914,385.0,775.0,85.0
1915,370.0,760.0,70.0
1916,355.0,745.0,290.0
1917,355.0,730.0,275.0
1918,340.0,715.0,260.0
1919,325.0,775.0,245.0
1920,325.0,775.0,230.0
1921,310.0,760.0,290.0
1922,295.0,745.0,275.0
1923,295.0,730.0,260.0
1924,355.0,715.0,245.0
1925,340.0,775.0,230.0
1926,325.0,760.0,215.0
1927,325.0,745.0,215.0
1928,325.0,730.0,275.0
1929,325.0,730.0,260.0
1930,325.0,715.0,245.0
1931,325.0,700.0,245.0
1932,325.0,700.0,245.0
1933,310.0,700.0,245.0
1934,295.0,685.0,230.0
1935,280.0,670.0,215.0
1936,265.0,655.0,215.0
1937,250.0,640.0,200.0
1938,235.0,640.0,185.0
1939,220.0,625.0,185.0
1940,220.0,625.0,170.0
1941,220.0,625.0,155.0
1942,205.0,610.0,155.0
1943,190.0,595.0,215.0
1944,250.0,580.0,200.0
1945,250.0,565.0,185.0
1946,235.0,565.0,170.0
1947,220.0,550.0,170.0
1948,205.0,550.0,230.0
1949,190.0,550.0,215.0
1950,175.0,535.0,215.0
1951,175.0,535.0,200.0
1952,160.0,520.0,185.0
1953,160.0,505.0,170.0
1954,145.0,505.0,170.0
1955,205.0,505.0,155.0
1956,205.0,490.0,140.0
1957,190.0,550.0,125.0
1958,175.0,535.0,110.0
1959,175.0,535.0,95.0
1960,175.0,520.0,95.0
1961,175.0,505.0,95.0
1962,160.0,490.0,80.0
1963,160.0,475.0,65.0
1964,145.0,460.0,65.0
1965,130.0,445.0,50.0
1966,115.0,445.0,50.0
1967,100.0,445.0,35.0
1968,100.0,445.0,20.0
1969,85.0,505.0,5.0
1970,70.0,490.0,1000
1971,55.0,490.0,985.0
1972,40.0,475.0,985.0
1973,25.0,475.0,985.0
1974,10.0,475.0,985.0
1975,10.0,475.0,985.0
1976,10.0,460.0,970.0
1977,1000,460.0,970.0
1978,985.0,460.0,970.0
1979,985.0,520.0,955.0
1980,970.0,505.0,940.0
1981,955.0,490.0,925.0
1982,940.0,475.0,925.0
1983,940.0,475.0,925.0
1984,925.0,475.0,925.0
1985,910.0,460.0,910.0
1986,895.0,460.0,895.0
1987,895.0,445.0,880.0
1988,880.0,430.0,865.0
1989,940.0,415.0,925.0
1990,925.0,400.0,910.0
1991,910.0,385.0,895.0
1992,910.0,385.0,880.0
1993,895.0,385.0,880.0
1994,880.0,385.0,940.0
1995,880.0,385.0,940.0
1996,865.0,385.0,940.0
1997,850.0,370.0,925.0
1998,835.0,430.0,910.0
1999,895.0,415.0,895.0
2000,895.0,400.0,880.0
2001,895.0,400.0,880.0
2002,895.0,400.0,865.0
2003,955.0,385.0,850.0
2004,955.0,370.0,850.0
2005,940.0,355.0,835.0
2006,925.0,355.0,835.0
2007,925.0,355.0,820.0
2008,925.0,355.0,805.0
2009,910.0,340.0,790.0
2010,910.0,340.0,775.0
2011,895.0,340.0,775.0
2012,880.0,340.0,775.0
2013,880.0,325.0,775.0
2014,880.0,310.0,775.0
2015,880.0,295.0,760.0
2016,865.0,280.0,745.0
2017,865.0,280.0,730.0
2018,850.0,280.0,715.0
2019,850.0,265.0,715.0
2020,850.0,250.0,715.0
2021,835.0,235.0,700.0
2022,835.0,235.0,685.0
2023,820.0,235.0,685.0
2024,805.0,235.0,685.0
2025,790.0,220.0,670.0
2026,790.0,220.0,655.0
2027,775.0,205.0,655.0
2028,760.0,190.0,640.0
2029,760.0,190.0,625.0
2030,745.0,190.0,610.0
2031,730.0,175.0,595.0
2032,950.0,395.0,580.0
2033,935.0,395.0,580.0
2034,920.0,380.0,800.0
2035,905.0,380.0,800.0
2036,890.0,380.0,785.0
2037,875.0,365.0,770.0
2038,860.0,425.0,755.0
2039,860.0,410.0,740.0
2040,860.0,395.0,740.0
2041,845.0,380.0,725.0
2042,845.0,380.0,710.0
2043,830.0,365.0,695.0
2044,815.0,350.0,680.0
2045,800.0,335.0,680.0
2046,785.0,320.0,665.0
2047,785.0,320.0,665.0
2048,770.0,305.0,665.0
2049,770.0,305.0,650.0
2050,755.0,365.0,650.0
2051,740.0,350.0,635.0
2052,725.0,335.0,620.0
2053,710.0,395.0,605.0
2054,695.0,395.0,590.0
2055,680.0,395.0,575.0
2056,680.0,380.0,575.0
2057,680.0,365.0,635.0
2058,665.0,350.0,620.0
2059,665.0,350.0,620.0
2060,650.0,350.0,605.0
2061,635.0,335.0,590.0
2062,620.0,320.0,590.0
2063,620.0,320.0,590.0
2064,605.0,320.0,575.0
2065,590.0,305.0,560.0
2066,590.0,290.0,560.0
2067,590.0,290.0,560.0
2068,575.0,290.0,560.0
2069,560.0,275.0,545.0
2070,545.0,275.0,545.0
2071,530.0,260.0,530.0
2072,515.0,245.0,530.0
2073,515.0,245.0,530.0
2074,500.0,230.0,515.0
2075,485.0,230.0,515.0
2076,485.0,230.0,515.0
2077,470.0,215.0,575.0
2078,455.0,215.0,575.0
2079,440.0,215.0,560.0
2080,425.0,215.0,545.0
2081,425.0,215.0,530.0
2082,410.0,200.0,590.0
2083,395.0,185.0,650.0
2084,395.0,170.0,650.0
2085,395.0,155.0,650.0
2086,380.0,155.0,650.0
2087,440.0,140.0,710.0
2088,425.0,140.0,710.0
2089,410.0,125.0,695.0
2090,395.0,110.0,680.0
2091,395.0,110.0,680.0
2092,380.0,95.0,665.0
2093,380.0,80.0,665.0
2094,380.0,80.0,665.0
2095,365.0,65.0,650.0
2096,365.0,65.0,635.0
2097,350.0,50.0,620.0
2098,335.0,35.0,605.0
2099,320.0,35.0,605.0
2100,305.0,95.0,590.0
2101,290.0,80.0,575.0
2102,290.0,65.0,575.0
2103,290.0,65.0,560.0
2104,275.0,50.0,560.0
2105,260.0,50.0,620.0
2106,245.0,50.0,605.0
2107,245.0,35.0,590.0
2108,230.0,95.0,575.0
2109,230.0,80.0,575.0
2110,215.0,65.0,635.0
2111,215.0,65.0,635.0
2112,200.0,50.0,635.0
2113,200.0,50.0,620.0
2114,185.0,110.0,605.0
2115,170.0,95.0,590.0
2116,170.0,95.0,575.0
2117,155.0,80.0,560.0
2118,140.0,65.0,560.0
2119,200.0,50.0,545.0
2120,185.0,50.0,605.0
2121,170.0,50.0,605.0
2122,155.0,35.0,590.0
2123,155.0,20.0,575.0
2124,155.0,20.0,560.0
2125,140.0,20.0,560.0
2126,140.0,5.0,560.0
2127,360.0,1000,545.0
2128,345.0,985.0,605.0
2129,330.0,970.0,605.0
2130,330.0,970.0,605.0
2131,330.0,970.0,605.0
2132,315.0,955.0,590.0
2133,315.0,940.0,575.0
2134,315.0,940.0,575.0
2135,375.0,925.0,635.0
2136,360.0,925.0,635.0
2137,345.0,985.0,635.0
2138,330.0,970.0,635.0
2139,330.0,955.0,620.0
2140,330.0,940.0,620.0
2141,330.0,925.0,620.0
2142,315.0,910.0,605.0
2143,300.0,910.0,605.0
2144,300.0,910.0,605.0
2145,300.0,895.0,605.0
2146,300.0,880.0,605.0
2147,285.0,865.0,590.0
2148,270.0,925.0,575.0
2149,330.0,925.0,575.0
2150,390.0,925.0,560.0
2151,375.0,910.0,560.0
2152,360.0,895.0,545.0
2153,345.0,880.0,530.0
2154,330.0,865.0,530.0
2155,390.0,850.0,590.0
2156,375.0,910.0,650.0
2157,360.0,895.0,635.0
2158,420.0,880.0,620.0
2159,420.0,865.0,620.0
2160,405.0,850.0,605.0
2161,390.0,835.0,590.0
2162,375.0,820.0,575.0
2163,375.0,805.0,575.0
2164,360.0,805.0,575.0
2165,345.0,790.0,560.0
2166,405.0,850.0,545.0
2167,405.0,850.0,545.0
2168,390.0,835.0,530.0
2169,390.0,820.0,515.0
2170,375.0,880.0,500.0
2171,360.0,940.0,560.0
2172,420.0,925.0,545.0
2173,480.0,925.0,530.0
2174,465.0,910.0,515.0
2175,450.0,910.0,515.0
2176,435.0,910.0,500.0
2177,420.0,970.0,485.0
2178,405.0,970.0,470.0
2179,405.0,970.0,470.0
2180,390.0,970.0,455.0
2181,375.0,970.0,455.0
2182,360.0,955.0,455.0
2183,345.0,955.0,455.0
2184,345.0,940.0,455.0
2185,330.0,925.0,440.0
2186,330.0,925.0,440.0
2187,315.0,925.0,425.0
2188,315.0,925.0,425.0
2189,300.0,910.0,410.0
2190,300.0,910.0,410.0
2191,300.0,895.0,470.0
2192,300.0,895.0,470.0
2193,285.0,880.0,455.0
2194,285.0,880.0,440.0
2195,345.0,865.0,500.0
2196,330.0,850.0,485.0
2197,330.0,850.0,485.0
2198,330.0,835.0,485.0
2199,330.0,835.0,470.0
2200,330.0,835.0,455.0
2201,330.0,820.0,440.0
2202,315.0,820.0,425.0
2203,300.0,805.0,410.0
2204,285.0,805.0,470.0
2205,345.0,805.0,470.0
2206,330.0,805.0,455.0
2207,315.0,790.0,440.0
2208,300.0,775.0,425.0
2209,285.0,775.0,425.0
2210,285.0,775.0,425.0
2211,270.0,760.0,485.0
2212,255.0,760.0,485.0
2213,240.0,760.0,470.0
2214,225.0,745.0,470.0
2215,210.0,730.0,455.0
2216,210.0,730.0,455.0
2217,195.0,715.0,440.0
2218,180.0,700.0,425.0
2219,165.0,685.0,425.0
2220,150.0,685.0,410.0
2221,135.0,670.0,395.0
2222,355.0,655.0,615.0
2223,415.0,640.0,600.0
2224,475.0,625.0,585.0
2225,460.0,610.0,585.0
2226,445.0,610.0,570.0
2227,445.0,610.0,555.0
2228,430.0,610.0,540.0
2229,430.0,610.0,540.0
2230,490.0,595.0,600.0
2231,475.0,595.0,600.0
2232,460.0,580.0,585.0
2233,460.0,565.0,570.0
2234,460.0,565.0,555.0
2235,445.0,565.0,555.0
2236,430.0,550.0,540.0
2237,430.0,550.0,540.0
2238,430.0,550.0,540.0
2239,415.0,550.0,525.0
2240,415.0,550.0,510.0
2241,415.0,610.0,495.0
2242,400.0,610.0,480.0
2243,460.0,670.0,465.0
2244,445.0,670.0,450.0
2245,445.0,655.0,450.0
2246,445.0,640.0,450.0
2247,430.0,625.0,450.0
2248,430.0,625.0,450.0
2249,430.0,610.0,435.0
2250,430.0,610.0,435.0
2251,415.0,595.0,420.0
2252,415.0,595.0,405.0
2253,415.0,595.0,390.0
2254,400.0,655.0,375.0
2255,385.0,640.0,375.0
2256,370.0,625.0,360.0
2257,355.0,625.0,345.0
2258,340.0,610.0,330.0
2259,340.0,610.0,315.0
2260,325.0,610.0,315.0
2261,310.0,595.0,375.0
2262,295.0,595.0,360.0
2263,280.0,580.0,360.0
2264,265.0,580.0,360.0
2265,250.0,580.0,345.0
2266,235.0,565.0,330.0
2267,220.0,565.0,330.0
2268,220.0,565.0,315.0
2269,205.0,550.0,300.0
2270,205.0,550.0,300.0
2271,265.0,550.0,285.0
2272,250.0,535.0,285.0
2273,235.0,595.0,345.0
2274,220.0,595.0,330.0
2275,205.0,580.0,315.0
2276,190.0,565.0,375.0
2277,175.0,550.0,360.0
2278,160.0,535.0,360.0
2279,145.0,520.0,345.0
2280,130.0,580.0,330.0
2281,130.0,565.0,330.0
2282,130.0,565.0,315.0
2283,115.0,550.0,315.0
2284,175.0,535.0,300.0
2285,160.0,520.0,285.0
2286,220.0,505.0,270.0
2287,205.0,505.0,270.0
2288,205.0,490.0,270.0
2289,205.0,475.0,270.0
2290,205.0,475.0,270.0
2291,190.0,475.0,270.0
2292,175.0,460.0,270.0
2293,235.0,445.0,270.0
2294,235.0,505.0,255.0
2295,235.0,505.0,255.0
2296,220.0,490.0,255.0
2297,205.0,490.0,240.0
2298,205.0,475.0,240.0
2299,190.0,460.0,225.0
2300,190.0,460.0,210.0
2301,175.0,445.0,195.0
2302,160.0,445.0,180.0
2303,145.0,430.0,165.0
2304,145.0,430.0,150.0
2305,145.0,430.0,150.0
2306,145.0,415.0,135.0
2307,130.0,400.0,120.0
2308,115.0,385.0,105.0
2309,100.0,385.0,90.0
2310,85.0,385.0,75.0
2311,85.0,370.0,135.0
2312,85.0,370.0,120.0
2313,70.0,370.0,105.0
2314,55.0,370.0,90.0
2315,40.0,355.0,75.0
2316,25.0,340.0,60.0
2317,10.0,325.0,45.0
2318,1000,310.0,30.0
2319,985.0,310.0,30.0
2320,970.0,295.0,15.0
2321,970.0,280.0,1000
2322,955.0,265.0,1000
2323,955.0,250.0,985.0
2324,955.0,235.0,970.0
2325,940.0,295.0,955.0
2326,940.0,280.0,955.0
2327,940.0,265.0,940.0
2328,1000.0,250.0,1000.0
2329,1000.0,250.0,1000.0
2330,1000.0,235.0,985.0
2331,985.0,220.0,985.0
2332,985.0,205.0,970.0
2333,985.0,190.0,955.0
2334,970.0,175.0,940.0
2335,970.0,160.0,925.0
2336,970.0,145.0,910.0
2337,955.0,130.0,895.0
2338,1015.0,115.0,880.0
2339,1015.0,115.0,880.0
2340,1015.0,100.0,865.0
2341,1000.0,85.0,850.0
2342,1000.0,85.0,835.0
2343,1000.0,70.0,820.0
2344,985.0,70.0,820.0
2345,970.0,70.0,805.0
2346,955.0,70.0,790.0
2347,940.0,130.0,775.0
2348,925.0,130.0,775.0
2349,910.0,115.0,775.0
2350,895.0,115.0,760.0
2351,880.0,115.0,760.0
2352,880.0,115.0,745.0
2353,880.0,115.0,745.0
2354,865.0,100.0,745.0
2355,865.0,85.0,730.0
2356,850.0,70.0,715.0
2357,835.0,70.0,715.0
2358,835.0,55.0,700.0
2359,820.0,40.0,685.0
2360,820.0,25.0,685.0
2361,820.0,25.0,670.0
2362,805.0,25.0,655.0
2363,805.0,25.0,640.0
2364,790.0,25.0,640.0
2365,790.0,10.0,640.0
2366,790.0,10.0,640.0
2367,790.0,70.0,625.0
2368,775.0,55.0,625.0
2369,775.0,55.0,625.0
2370,760.0,115.0,625.0
2371,745.0,100.0,610.0
2372,730.0,160.0,595.0
2373,730.0,145.0,595.0
2374,730.0,145.0,580.0
2375,715.0,130.0,565.0
2376,700.0,115.0,550.0
2377,685.0,100.0,535.0
2378,685.0,85.0,520.0
2379,670.0,70.0,580.0
2380,670.0,70.0,565.0
2381,655.0,70.0,550.0
2382,655.0,55.0,535.0
2383,640.0,40.0,520.0
2384,625.0,40.0,505.0
2385,625.0,40.0,505.0
2386,625.0,40.0,505.0
2387,610.0,40.0,490.0
2388,610.0,40.0,490.0
2389,595.0,25.0,475.0
2390,595.0,25.0,460.0
2391,580.0,10.0,460.0
2392,580.0,10.0,445.0
2393,565.0,70.0,430.0
2394,550.0,70.0,415.0
2395,535.0,70.0,415.0
2396,595.0,55.0,400.0
2397,595.0,55.0,400.0
2398,595.0,40.0,460.0
2399,655.0,25.0,520.0
2400,655.0,10.0,505.0
2401,640.0,1000,490.0
2402,700.0,1000,475.0
2403,700.0,985.0,460.0
2404,685.0,970.0,460.0
2405,685.0,970.0,460.0
2406,670.0,970.0,445.0
2407,670.0,955.0,430.0
2408,655.0,955.0,415.0
2409,640.0,955.0,400.0
2410,640.0,1015.0,385.0
2411,625.0,1075.0,385.0
2412,625.0,1075.0,370.0
2413,610.0,1060.0,430.0
2414,595.0,1045.0,415.0
2415,595.0,1045.0,415.0
2416,580.0,1030.0,400.0
2417,565.0,1015.0,385.0
2418,550.0,1000.0,370.0
2419,535.0,985.0,355.0
2420,535.0,985.0,355.0
2421,520.0,970.0,340.0
2422,505.0,955.0,325.0
2423,505.0,955.0,310.0
2424,490.0,940.0,370.0
2425,490.0,925.0,370.0
2426,490.0,910.0,370.0
2427,475.0,970.0,355.0
2428,460.0,970.0,340.0
2429,460.0,955.0,340.0
2430,460.0,955.0,340.0
2431,445.0,940.0,325.0
2432,445.0,925.0,325.0
2433,445.0,925.0,310.0
2434,445.0,910.0,310.0
2435,430.0,895.0,295.0
2436,415.0,880.0,280.0
2437,400.0,865.0,280.0
2438,385.0,865.0,265.0
2439,385.0,865.0,265.0
2440,445.0,865.0,325.0
2441,445.0,925.0,310.0
2442,445.0,925.0,295.0
2443,430.0,985.0,280.0
2444,415.0,985.0,265.0
2445,400.0,970.0,265.0
2446,400.0,970.0,250.0
2447,385.0,955.0,235.0
2448,385.0,940.0,235.0
2449,370.0,925.0,235.0
2450,370.0,910.0,220.0
2451,355.0,910.0,220.0
2452,340.0,910.0,220.0
2453,400.0,895.0,205.0
2454,400.0,880.0,205.0
2455,385.0,865.0,205.0
2456,385.0,865.0,205.0
2457,370.0,865.0,205.0
2458,355.0,850.0,265.0
2459,355.0,850.0,265.0
2460,340.0,850.0,250.0
2461,340.0,850.0,250.0
2462,340.0,835.0,250.0
2463,340.0,820.0,250.0
2464,340.0,805.0,250.0
2465,325.0,865.0,235.0
2466,310.0,850.0,220.0
2467,295.0,850.0,205.0
2468,280.0,835.0,205.0
2469,265.0,820.0,205.0
2470,250.0,880.0,190.0
2471,235.0,865.0,250.0
2472,235.0,865.0,235.0
2473,220.0,865.0,220.0
2474,220.0,865.0,205.0
2475,205.0,865.0,190.0
2476,425.0,850.0,175.0
2477,410.0,850.0,160.0
2478,395.0,850.0,160.0
2479,380.0,850.0,145.0
2480,380.0,850.0,130.0
2481,380.0,835.0,115.0
2482,380.0,820.0,115.0
2483,365.0,805.0,100.0
2484,365.0,790.0,100.0
2485,365.0,790.0,100.0
2486,350.0,850.0,85.0
2487,335.0,835.0,305.0
2488,335.0,820.0,290.0
2489,320.0,805.0,290.0
2490,320.0,805.0,275.0
2491,305.0,790.0,260.0
2492,290.0,790.0,245.0
2493,290.0,790.0,245.0
2494,290.0,775.0,245.0
2495,275.0,760.0,305.0
2496,275.0,745.0,290.0
2497,260.0,730.0,275.0
2498,260.0,715.0,260.0
2499,260.0,700.0,245.0
2500,245.0,685.0,230.0
2501,230.0,670.0,215.0
2502,215.0,655.0,200.0
2503,200.0,640.0,185.0
2504,200.0,625.0,170.0
2505,200.0,625.0,155.0
2506,200.0,625.0,155.0
2507,200.0,610.0,140.0
2508,185.0,595.0,140.0
2509,245.0,595.0,200.0
2510,245.0,580.0,200.0
2511,230.0,565.0,200.0
2512,230.0,565.0,200.0
2513,215.0,550.0,185.0
2514,200.0,535.0,170.0
2515,185.0,520.0,170.0
2516,185.0,505.0,155.0
2517,185.0,505.0,140.0
2518,170.0,490.0,125.0
2519,170.0,475.0,110.0
2520,155.0,475.0,95.0
2521,140.0,460.0,80.0
2522,140.0,445.0,65.0
2523,125.0,445.0,50.0
2524,125.0,445.0,50.0
2525,125.0,445.0,35.0
2526,110.0,430.0,20.0
2527,110.0,415.0,5.0
2528,95.0,400.0,1000
2529,95.0,385.0,985.0
2530,80.0,370.0,985.0
2531,80.0,370.0,970.0
2532,65.0,355.0,955.0
2533,125.0,340.0,940.0
2534,125.0,325.0,925.0
2535,110.0,310.0,910.0
2536,95.0,295.0,910.0
2537,80.0,355.0,895.0
2538,80.0,355.0,895.0
2539,80.0,355.0,880.0
2540,65.0,340.0,865.0
2541,125.0,325.0,925.0
2542,110.0,325.0,925.0
2543,110.0,310.0,910.0
2544,95.0,370.0,910.0
2545,95.0,370.0,910.0
2546,80.0,355.0,895.0
2547,140.0,340.0,880.0
2548,140.0,325.0,865.0
2549,140.0,325.0,850.0
2550,140.0,310.0,835.0
2551,140.0,310.0,835.0
2552,125.0,310.0,835.0
2553,110.0,295.0,820.0
2554,95.0,280.0,805.0
2555,80.0,280.0,805.0
2556,65.0,340.0,790.0
2557,285.0,325.0,775.0
2558,270.0,310.0,760.0
2559,255.0,310.0,760.0
2560,240.0,295.0,745.0
2561,240.0,295.0,745.0
2562,225.0,280.0,730.0
2563,225.0,265.0,730.0
2564,210.0,265.0,730.0
2565,210.0,265.0,730.0
2566,195.0,250.0,715.0
2567,180.0,235.0,700.0
2568,165.0,235.0,700.0
2569,150.0,220.0,700.0
2570,135.0,205.0,700.0
2571,120.0,190.0,760.0
2572,105.0,175.0,760.0
2573,165.0,175.0,820.0
2574,150.0,235.0,820.0
2575,150.0,235.0,805.0
2576,135.0,220.0,805.0
2577,120.0,205.0,790.0
2578,105.0,205.0,790.0
2579,105.0,190.0,790.0
2580,90.0,190.0,790.0
2581,90.0,175.0,775.0
2582,90.0,160.0,760.0
2583,90.0,160.0,760.0
2584,90.0,145.0,760.0
2585,150.0,130.0,760.0
2586,135.0,130.0,745.0
2587,120.0,130.0,730.0
2588,105.0,115.0,790.0
2589,105.0,115.0,775.0
2590,105.0,115.0,760.0
2591,105.0,100.0,760.0
2592,165.0,85.0,745.0
2593,165.0,85.0,745.0
2594,150.0,70.0,730.0
2595,135.0,55.0,730.0
2596,120.0,115.0,715.0
2597,105.0,100.0,715.0
2598,90.0,160.0,700.0
2599,75.0,145.0,700.0
2600,135.0,130.0,700.0
2601,120.0,130.0,685.0
2602,105.0,350.0,670.0
2603,90.0,410.0,655.0
2604,75.0,395.0,715.0
2605,60.0,380.0,700.0
2606,45.0,365.0,685.0
2607,30.0,350.0,685.0
2608,15.0,335.0,685.0
2609,1000,320.0,670.0
2610,1060,305.0,655.0
2611,1060,290.0,655.0
2612,1045.0,275.0,640.0
2613,1045.0,260.0,640.0
2614,1030.0,245.0,625.0
2615,1030.0,245.0,625.0
2616,1030.0,305.0,610.0
2617,1030.0,290.0,595.0
2618,1090.0,275.0,580.0
2619,1150.0,260.0,565.0
2620,1150.0,260.0,550.0
2621,1135.0,245.0,535.0
2622,1135.0,245.0,520.0
2623,1195.0,245.0,520.0
2624,1180.0,230.0,505.0
2625,1165.0,215.0,490.0
2626,1150.0,200.0,550.0
2627,1135.0,200.0,535.0
2628,1135.0,185.0,535.0
2629,1120.0,170.0,520.0
2630,1120.0,155.0,520.0
2631,1105.0,140.0,505.0
2632,1165.0,200.0,490.0
2633,1165.0,200.0,490.0
2634,1225.0,200.0,550.0
2635,1210.0,200.0,550.0
2636,1195.0,185.0,535.0
2637,1195.0,170.0,535.0
2638,1195.0,170.0,520.0
2639,1180.0,155.0,505.0
2640,1165.0,140.0,490.0
2641,1165.0,125.0,490.0
2642,1150.0,110.0,490.0
2643,1150.0,110.0,475.0
2644,1150.0,110.0,475.0
2645,1210.0,95.0,475.0
2646,1210.0,80.0,460.0
2647,1210.0,65.0,445.0
2648,1210.0,50.0,430.0
2649,1195.0,110.0,430.0
2650,1180.0,95.0,415.0
2651,1165.0,80.0,415.0
2652,1150.0,65.0,400.0
2653,1135.0,50.0,385.0
2654,1120.0,35.0,385.0
2655,1105.0,20.0,370.0
2656,1105.0,5.0,355.0
2657,1090.0,5.0,340.0
2658,1090.0,1000,325.0
2659,1090.0,1000,310.0
2660,1090.0,985.0,370.0
2661,1075.0,970.0,370.0
2662,1060.0,955.0,370.0
2663,1060.0,955.0,355.0
2664,1060.0,940.0,355.0
2665,1045.0,925.0,415.0
2666,1030.0,910.0,415.0
2667,1015.0,910.0,400.0
2668,1075.0,895.0,385.0
2669,1075.0,880.0,370.0
2670,1075.0,865.0,355.0
2671,1135.0,925.0,355.0
2672,1195.0,910.0,340.0
2673,1195.0,895.0,340.0
2674,1180.0,955.0,325.0
2675,1165.0,940.0,310.0
2676,1165.0,925.0,295.0
2677,1165.0,910.0,280.0
2678,1150.0,910.0,340.0
2679,1150.0,910.0,325.0
2680,1135.0,910.0,310.0
2681,1120.0,910.0,310.0
2682,1105.0,895.0,295.0
2683,1105.0,880.0,280.0
2684,1105.0,880.0,280.0
2685,1090.0,865.0,340.0
2686,1090.0,850.0,340.0
2687,1090.0,850.0,340.0
2688,1075.0,835.0,325.0
2689,1060.0,835.0,385.0
2690,1060.0,835.0,370.0
2691,1045.0,820.0,430.0
2692,1105.0,820.0,415.0
2693,1105.0,805.0,415.0
2694,1090.0,805.0,400.0
2695,1075.0,805.0,400.0
2696,1060.0,805.0,400.0
2697,1045.0,805.0,400.0
2698,1030.0,805.0,400.0
2699,1090.0,790.0,385.0
2700,1150.0,790.0,445.0
2701,1150.0,775.0,430.0
2702,1210.0,760.0,415.0
2703,1210.0,745.0,415.0
2704,1195.0,745.0,400.0
2705,1180.0,730.0,385.0
2706,1165.0,715.0,370.0
2707,1150.0,700.0,355.0
2708,1135.0,685.0,340.0
2709,1120.0,670.0,340.0
2710,1105.0,670.0,340.0
2711,1165.0,655.0,325.0
2712,1165.0,640.0,325.0
2713,1165.0,625.0,310.0
2714,1165.0,610.0,310.0
2715,1150.0,610.0,310.0
2716,1135.0,595.0,295.0
2717,1120.0,595.0,280.0
2718,1105.0,580.0,265.0
2719,1105.0,640.0,325.0
2720,1090.0,625.0,325.0
2721,1075.0,625.0,325.0
2722,1060.0,610.0,325.0
2723,1120.0,670.0,325.0
2724,1120.0,670.0,310.0
2725,1105.0,670.0,310.0
2726,1090.0,670.0,295.0
2727,1075.0,655.0,280.0
2728,1075.0,640.0,265.0
2729,1060.0,625.0,250.0
2730,1045.0,625.0,235.0
2731,1030.0,625.0,220.0
2732,1015.0,610.0,205.0
2733,1015.0,595.0,190.0
2734,1000.0,580.0,175.0
2735,1000.0,580.0,175.0
2736,985.0,580.0,175.0
2737,970.0,580.0,175.0
2738,955.0,565.0,160.0
2739,940.0,550.0,145.0
2740,925.0,610.0,130.0
2741,985.0,610.0,130.0
2742,970.0,595.0,115.0
2743,955.0,595.0,115.0
2744,955.0,595.0,115.0
2745,955.0,655.0,115.0
2746,940.0,640.0,100.0
2747,940.0,640.0,100.0
2748,1000.0,625.0,100.0
2749,985.0,625.0,85.0
2750,970.0,610.0,70.0
2751,955.0,595.0,130.0
2752,940.0,595.0,115.0
2753,925.0,595.0,100.0
2754,910.0,595.0,100.0
2755,910.0,580.0,100.0
2756,895.0,580.0,85.0
2757,880.0,580.0,145.0
2758,940.0,565.0,130.0
2759,1000.0,550.0,115.0
2760,1000.0,550.0,115.0
2761,1000.0,535.0,115.0
2762,985.0,520.0,100.0
2763,985.0,520.0,85.0
2764,970.0,505.0,70.0
2765,955.0,490.0,55.0
2766,955.0,490.0,40.0
2767,940.0,475.0,260.0
2768,925.0,535.0,245.0
2769,910.0,520.0,230.0
2770,895.0,580.0,290.0
2771,880.0,580.0,350.0
2772,880.0,580.0,335.0
2773,865.0,580.0,320.0
2774,865.0,565.0,305.0
2775,850.0,550.0,290.0
2776,835.0,535.0,275.0
2777,835.0,520.0,275.0
2778,820.0,520.0,275.0
2779,820.0,520.0,275.0
2780,820.0,520.0,260.0
2781,820.0,520.0,260.0
2782,820.0,520.0,260.0
2783,805.0,505.0,260.0
2784,790.0,490.0,320.0
2785,775.0,490.0,305.0
2786,760.0,490.0,290.0
2787,745.0,490.0,275.0
2788,745.0,475.0,275.0
2789,745.0,475.0,260.0
2790,745.0,475.0,260.0
2791,730.0,460.0,245.0
2792,715.0,445.0,305.0
2793,700.0,445.0,290.0
2794,700.0,430.0,290.0
2795,685.0,415.0,275.0
2796,670.0,475.0,260.0
2797,655.0,460.0,245.0
2798,715.0,445.0,230.0
2799,700.0,430.0,215.0
2800,700.0,415.0,275.0
2801,685.0,415.0,260.0
2802,685.0,415.0,245.0
2803,670.0,415.0,230.0
2804,670.0,400.0,230.0
2805,670.0,385.0,215.0
2806,655.0,445.0,200.0
2807,655.0,430.0,200.0
2808,640.0,430.0,185.0
2809,625.0,415.0,185.0
2810,625.0,400.0,185.0
2811,610.0,620.0,170.0
2812,595.0,605.0,170.0
2813,595.0,605.0,170.0
2814,580.0,605.0,155.0
2815,580.0,590.0,155.0
2816,565.0,575.0,140.0
2817,625.0,560.0,140.0
2818,625.0,545.0,140.0
2819,685.0,530.0,125.0
2820,670.0,515.0,110.0
2821,670.0,500.0,95.0
2822,730.0,485.0,80.0
2823,715.0,485.0,65.0
2824,700.0,470.0,50.0
2825,700.0,455.0,35.0
2826,760.0,515.0,20.0
2827,760.0,515.0,20.0
2828,745.0,500.0,5.0
2829,730.0,485.0,5.0
2830,730.0,485.0,1000
2831,715.0,470.0,1000
2832,700.0,470.0,985.0
2833,685.0,455.0,970.0
2834,670.0,455.0,955.0
2835,655.0,440.0,955.0
2836,640.0,500.0,940.0
2837,625.0,485.0,1000.0
2838,610.0,485.0,985.0
2839,595.0,470.0,985.0
2840,580.0,470.0,985.0
2841,565.0,455.0,1045.0
2842,550.0,440.0,1045.0
2843,550.0,425.0,1030.0
2844,535.0,410.0,1015.0
2845,535.0,395.0,1015.0
2846,535.0,380.0,1015.0
2847,535.0,380.0,1015.0
2848,520.0,365.0,1000.0
2849,520.0,365.0,1000.0
2850,505.0,350.0,1000.0
2851,565.0,335.0,985.0
2852,550.0,320.0,970.0
2853,535.0,305.0,955.0
2854,535.0,290.0,940.0
2855,520.0,275.0,940.0
2856,505.0,335.0,925.0
2857,505.0,320.0,910.0
2858,490.0,540.0,895.0
2859,475.0,540.0,880.0
2860,460.0,540.0,865.0
2861,445.0,525.0,850.0
2862,430.0,525.0,835.0
2863,430.0,525.0,835.0
2864,415.0,510.0,835.0
2865,475.0,495.0,820.0
2866,460.0,495.0,820.0
2867,445.0,480.0,805.0
2868,430.0,480.0,805.0
2869,430.0,480.0,865.0
2870,415.0,480.0,865.0
2871,400.0,465.0,850.0
2872,385.0,450.0,835.0
2873,370.0,510.0,895.0
2874,355.0,495.0,880.0
2875,355.0,495.0,865.0
2876,340.0,495.0,865.0
2877,340.0,495.0,850.0
2878,325.0,480.0,835.0
2879,310.0,465.0,820.0
2880,295.0,450.0,805.0
2881,295.0,450.0,805.0
